source name	characteristics[organism]	characteristics[organism part]	characteristics[strain/breed]	characteristics[disease]	characteristics[cell type]	characteristics[sample type]	characteristics[single cell isolation protocol]	characteristics[cell identifier]	characteristics[cells per well]	characteristics[biological replicate]	characteristics[medium]	characteristics[temperature]	assay name	technology type	comment[technical replicate]	comment[sample preparation batch]	comment[proteomics data acquisition method]	comment[data file]	comment[fraction identifier]	comment[label]	comment[carrier channel]	comment[reference channel]	comment[instrument]	comment[cleavage agent details]	comment[fragment mass tolerance]	comment[precursor mass tolerance]	comment[modification parameters]	comment[dissociation method]	comment[collision energy]	comment[label]	comment[file uri]	comment[sdrf version]	comment[sdrf template]	comment[sdrf template]
Bulk	Escherichia coli	Cell lysate	Escherichia coli BL21(DE3)	not applicable	Prokaryotic cell	bulk control	not applicable	not applicable	not applicable	1	LB medium, then Terrific Broth	37°C	run 0	Proteomic profiling by mass spectrometry	1	bulk	NT=Data-dependent acquisition;AC=PRIDE:0000627	20221215_HF2_01_Ecoli_bulk22127_FToP_TM6.raw	1	Label free sample	not applicable	not applicable	NT=Q Exactive HF	NT=Trypsin;AC=1001251	0.05 Da	10 ppm	NT=TMT6plex;AC=737;CF=H(20) C(8) 13C(4) N 15N O(2);MM=229.162932;MT=Variable;PP=Anywhere;TA=['K']	NT=HCD; AC=MS:1002481	34% NCE	Not applicable	https://ftp.pride.ebi.ac.uk/pride/data/archive/2023/10/PXD043473/20221215_HF2_01_Ecoli_bulk22127_FToP_TM6.raw	v1.1.0	NT=ms-proteomics;VV=v1.1.0	NT=single-cell;VV=v1.0.0
Run1_cell1	Escherichia coli	Cell lysate	Escherichia coli BL21(DE3)	not applicable	Prokaryotic cell	single cell	FACS	Run1_cell1	1	2	LB medium, then Terrific Broth	37°C	run 1	Proteomic profiling by mass spectrometry	1	Exp1	NT=Data-dependent acquisition;AC=PRIDE:0000627	20221220_Ec_01_RZ_SBP_Exp1.raw	1	Label free sample	not available	not available	Orbitrap Eclipse	NT=Trypsin;AC=1001251	0.05 Da	10 ppm	NT=TMT6plex;AC=737;CF=H(20) C(8) 13C(4) N 15N O(2);MM=229.162932;MT=Variable;PP=Anywhere;TA=['K']	NT=HCD; AC=MS:1002481	35% NCE	Not available	https://ftp.pride.ebi.ac.uk/pride/data/archive/2023/10/PXD043473/20221220_Ec_01_RZ_SBP_Exp1.raw	v1.1.0	NT=ms-proteomics;VV=v1.1.0	NT=single-cell;VV=v1.0.0
Run1_cell2	Escherichia coli	Cell lysate	Escherichia coli BL21(DE3)	not applicable	Prokaryotic cell	single cell	FACS	Run1_cell2	1	3	LB medium, then Terrific Broth	37°C	run 1	Proteomic profiling by mass spectrometry	1	Exp1	NT=Data-dependent acquisition;AC=PRIDE:0000627	20221220_Ec_01_RZ_SBP_Exp1.raw	1	Label free sample	not available	not available	Orbitrap Eclipse	NT=Trypsin;AC=1001251	0.05 Da	10 ppm	NT=TMT6plex;AC=737;CF=H(20) C(8) 13C(4) N 15N O(2);MM=229.162932;MT=Variable;PP=Anywhere;TA=['K']	NT=HCD; AC=MS:1002481	35% NCE	Not available	https://ftp.pride.ebi.ac.uk/pride/data/archive/2023/10/PXD043473/20221220_Ec_01_RZ_SBP_Exp1.raw	v1.1.0	NT=ms-proteomics;VV=v1.1.0	NT=single-cell;VV=v1.0.0
Run1_cell3	Escherichia coli	Cell lysate	Escherichia coli BL21(DE3)	not applicable	Prokaryotic cell	single cell	FACS	Run1_cell3	1	4	LB medium, then Terrific Broth	37°C	run 1	Proteomic profiling by mass spectrometry	1	Exp1	NT=Data-dependent acquisition;AC=PRIDE:0000627	20221220_Ec_01_RZ_SBP_Exp1.raw	1	Label free sample	not available	not available	Orbitrap Eclipse	NT=Trypsin;AC=1001251	0.05 Da	10 ppm	NT=TMT6plex;AC=737;CF=H(20) C(8) 13C(4) N 15N O(2);MM=229.162932;MT=Variable;PP=Anywhere;TA=['K']	NT=HCD; AC=MS:1002481	35% NCE	Not available	https://ftp.pride.ebi.ac.uk/pride/data/archive/2023/10/PXD043473/20221220_Ec_01_RZ_SBP_Exp1.raw	v1.1.0	NT=ms-proteomics;VV=v1.1.0	NT=single-cell;VV=v1.0.0
Run1_cell4_and_5	Escherichia coli	Cell lysate	Escherichia coli BL21(DE3)	not applicable	Prokaryotic cell	pooled	FACS	Run1_cell4_and_5	2	5	LB medium, then Terrific Broth	37°C	run 1	Proteomic profiling by mass spectrometry	1	Exp1	NT=Data-dependent acquisition;AC=PRIDE:0000627	20221220_Ec_01_RZ_SBP_Exp1.raw	1	Label free sample	not available	not available	Orbitrap Eclipse	NT=Trypsin;AC=1001251	0.05 Da	10 ppm	NT=TMT6plex;AC=737;CF=H(20) C(8) 13C(4) N 15N O(2);MM=229.162932;MT=Variable;PP=Anywhere;TA=['K']	NT=HCD; AC=MS:1002481	35% NCE	Not available	https://ftp.pride.ebi.ac.uk/pride/data/archive/2023/10/PXD043473/20221220_Ec_01_RZ_SBP_Exp1.raw	v1.1.0	NT=ms-proteomics;VV=v1.1.0	NT=single-cell;VV=v1.0.0
Run1_cell6_and_7	Escherichia coli	Cell lysate	Escherichia coli BL21(DE3)	not applicable	Prokaryotic cell	pooled	FACS	Run1_cell6_and_7	2	6	LB medium, then Terrific Broth	37°C	run 1	Proteomic profiling by mass spectrometry	1	Exp1	NT=Data-dependent acquisition;AC=PRIDE:0000627	20221220_Ec_01_RZ_SBP_Exp1.raw	1	Label free sample	not available	not available	Orbitrap Eclipse	NT=Trypsin;AC=1001251	0.05 Da	10 ppm	NT=TMT6plex;AC=737;CF=H(20) C(8) 13C(4) N 15N O(2);MM=229.162932;MT=Variable;PP=Anywhere;TA=['K']	NT=HCD; AC=MS:1002481	35% NCE	Not available	https://ftp.pride.ebi.ac.uk/pride/data/archive/2023/10/PXD043473/20221220_Ec_01_RZ_SBP_Exp1.raw	v1.1.0	NT=ms-proteomics;VV=v1.1.0	NT=single-cell;VV=v1.0.0
Run1_cell8_and_9	Escherichia coli	Cell lysate	Escherichia coli BL21(DE3)	not applicable	Prokaryotic cell	pooled	FACS	Run1_cell8_and_9	2	7	LB medium, then Terrific Broth	37°C	run 1	Proteomic profiling by mass spectrometry	1	Exp1	NT=Data-dependent acquisition;AC=PRIDE:0000627	20221220_Ec_01_RZ_SBP_Exp1.raw	1	Label free sample	not available	not available	Orbitrap Eclipse	NT=Trypsin;AC=1001251	0.05 Da	10 ppm	NT=TMT6plex;AC=737;CF=H(20) C(8) 13C(4) N 15N O(2);MM=229.162932;MT=Variable;PP=Anywhere;TA=['K']	NT=HCD; AC=MS:1002481	35% NCE	Not available	https://ftp.pride.ebi.ac.uk/pride/data/archive/2023/10/PXD043473/20221220_Ec_01_RZ_SBP_Exp1.raw	v1.1.0	NT=ms-proteomics;VV=v1.1.0	NT=single-cell;VV=v1.0.0
Run1_carrier_cells_1	Escherichia coli	Cell lysate	Escherichia coli BL21(DE3)	not applicable	Prokaryotic cell	carrier	FACS	carrier	250	8	LB medium, then Terrific Broth	37°C	run 1	Proteomic profiling by mass spectrometry	1	Exp1	NT=Data-dependent acquisition;AC=PRIDE:0000627	20221220_Ec_01_RZ_SBP_Exp1.raw	1	Label free sample	not available	not available	Orbitrap Eclipse	NT=Trypsin;AC=1001251	0.05 Da	10 ppm	NT=TMT6plex;AC=737;CF=H(20) C(8) 13C(4) N 15N O(2);MM=229.162932;MT=Variable;PP=Anywhere;TA=['K']	NT=HCD; AC=MS:1002481	35% NCE	Not available	https://ftp.pride.ebi.ac.uk/pride/data/archive/2023/10/PXD043473/20221220_Ec_01_RZ_SBP_Exp1.raw	v1.1.0	NT=ms-proteomics;VV=v1.1.0	NT=single-cell;VV=v1.0.0
Run1_carrier_cells_2	Escherichia coli	Cell lysate	Escherichia coli BL21(DE3)	not applicable	Prokaryotic cell	carrier	FACS	carrier	250	9	LB medium, then Terrific Broth	37°C	run 1	Proteomic profiling by mass spectrometry	1	Exp1	NT=Data-dependent acquisition;AC=PRIDE:0000627	20221220_Ec_01_RZ_SBP_Exp1.raw	1	Label free sample	not available	not available	Orbitrap Eclipse	NT=Trypsin;AC=1001251	0.05 Da	10 ppm	NT=TMT6plex;AC=737;CF=H(20) C(8) 13C(4) N 15N O(2);MM=229.162932;MT=Variable;PP=Anywhere;TA=['K']	NT=HCD; AC=MS:1002481	35% NCE	Not available	https://ftp.pride.ebi.ac.uk/pride/data/archive/2023/10/PXD043473/20221220_Ec_01_RZ_SBP_Exp1.raw	v1.1.0	NT=ms-proteomics;VV=v1.1.0	NT=single-cell;VV=v1.0.0
Run2_cell1	Escherichia coli	Cell lysate	Escherichia coli BL21(DE3)	not applicable	Prokaryotic cell	single cell	FACS	Run2_cell1	1	10	LB medium, then Terrific Broth	37°C	run 2	Proteomic profiling by mass spectrometry	1	Exp2	NT=Data-dependent acquisition;AC=PRIDE:0000627	20221220_Ec_02_RZ_SBP_Exp2.raw	1	Label free sample	not available	not available	Orbitrap Eclipse	NT=Trypsin;AC=1001251	0.05 Da	10 ppm	NT=TMT6plex;AC=737;CF=H(20) C(8) 13C(4) N 15N O(2);MM=229.162932;MT=Variable;PP=Anywhere;TA=['K']	NT=HCD; AC=MS:1002481	35% NCE	Not available	https://ftp.pride.ebi.ac.uk/pride/data/archive/2023/10/PXD043473/20221220_Ec_01_RZ_SBP_Exp2.raw	v1.1.0	NT=ms-proteomics;VV=v1.1.0	NT=single-cell;VV=v1.0.0
Run2_cell2	Escherichia coli	Cell lysate	Escherichia coli BL21(DE3)	not applicable	Prokaryotic cell	single cell	FACS	Run2_cell2	1	11	LB medium, then Terrific Broth	37°C	run 2	Proteomic profiling by mass spectrometry	1	Exp2	NT=Data-dependent acquisition;AC=PRIDE:0000627	20221220_Ec_02_RZ_SBP_Exp2.raw	1	Label free sample	not available	not available	Orbitrap Eclipse	NT=Trypsin;AC=1001251	0.05 Da	10 ppm	NT=TMT6plex;AC=737;CF=H(20) C(8) 13C(4) N 15N O(2);MM=229.162932;MT=Variable;PP=Anywhere;TA=['K']	NT=HCD; AC=MS:1002481	35% NCE	Not available	https://ftp.pride.ebi.ac.uk/pride/data/archive/2023/10/PXD043473/20221220_Ec_01_RZ_SBP_Exp2.raw	v1.1.0	NT=ms-proteomics;VV=v1.1.0	NT=single-cell;VV=v1.0.0
Run2_cell3	Escherichia coli	Cell lysate	Escherichia coli BL21(DE3)	not applicable	Prokaryotic cell	single cell	FACS	Run2_cell3	1	12	LB medium, then Terrific Broth	37°C	run 2	Proteomic profiling by mass spectrometry	1	Exp2	NT=Data-dependent acquisition;AC=PRIDE:0000627	20221220_Ec_02_RZ_SBP_Exp2.raw	1	Label free sample	not available	not available	Orbitrap Eclipse	NT=Trypsin;AC=1001251	0.05 Da	10 ppm	NT=TMT6plex;AC=737;CF=H(20) C(8) 13C(4) N 15N O(2);MM=229.162932;MT=Variable;PP=Anywhere;TA=['K']	NT=HCD; AC=MS:1002481	35% NCE	Not available	https://ftp.pride.ebi.ac.uk/pride/data/archive/2023/10/PXD043473/20221220_Ec_01_RZ_SBP_Exp2.raw	v1.1.0	NT=ms-proteomics;VV=v1.1.0	NT=single-cell;VV=v1.0.0
Run2_cell4_and_5	Escherichia coli	Cell lysate	Escherichia coli BL21(DE3)	not applicable	Prokaryotic cell	pooled	FACS	Run2_cell4_and_5	2	13	LB medium, then Terrific Broth	37°C	run 2	Proteomic profiling by mass spectrometry	1	Exp2	NT=Data-dependent acquisition;AC=PRIDE:0000627	20221220_Ec_02_RZ_SBP_Exp2.raw	1	Label free sample	not available	not available	Orbitrap Eclipse	NT=Trypsin;AC=1001251	0.05 Da	10 ppm	NT=TMT6plex;AC=737;CF=H(20) C(8) 13C(4) N 15N O(2);MM=229.162932;MT=Variable;PP=Anywhere;TA=['K']	NT=HCD; AC=MS:1002481	35% NCE	Not available	https://ftp.pride.ebi.ac.uk/pride/data/archive/2023/10/PXD043473/20221220_Ec_01_RZ_SBP_Exp2.raw	v1.1.0	NT=ms-proteomics;VV=v1.1.0	NT=single-cell;VV=v1.0.0
Run2_cell6_and_7	Escherichia coli	Cell lysate	Escherichia coli BL21(DE3)	not applicable	Prokaryotic cell	pooled	FACS	Run2_cell6_and_7	2	14	LB medium, then Terrific Broth	37°C	run 2	Proteomic profiling by mass spectrometry	1	Exp2	NT=Data-dependent acquisition;AC=PRIDE:0000627	20221220_Ec_02_RZ_SBP_Exp2.raw	1	Label free sample	not available	not available	Orbitrap Eclipse	NT=Trypsin;AC=1001251	0.05 Da	10 ppm	NT=TMT6plex;AC=737;CF=H(20) C(8) 13C(4) N 15N O(2);MM=229.162932;MT=Variable;PP=Anywhere;TA=['K']	NT=HCD; AC=MS:1002481	35% NCE	Not available	https://ftp.pride.ebi.ac.uk/pride/data/archive/2023/10/PXD043473/20221220_Ec_01_RZ_SBP_Exp2.raw	v1.1.0	NT=ms-proteomics;VV=v1.1.0	NT=single-cell;VV=v1.0.0
Run2_cell8_and_9	Escherichia coli	Cell lysate	Escherichia coli BL21(DE3)	not applicable	Prokaryotic cell	pooled	FACS	Run2_cell8_and_9	2	15	LB medium, then Terrific Broth	37°C	run 2	Proteomic profiling by mass spectrometry	1	Exp2	NT=Data-dependent acquisition;AC=PRIDE:0000627	20221220_Ec_01_RZ_SBP_Exp2.raw	1	Label free sample	not available	not available	Orbitrap Eclipse	NT=Trypsin;AC=1001251	0.05 Da	10 ppm	NT=TMT6plex;AC=737;CF=H(20) C(8) 13C(4) N 15N O(2);MM=229.162932;MT=Variable;PP=Anywhere;TA=['K']	NT=HCD; AC=MS:1002481	35% NCE	Not available	https://ftp.pride.ebi.ac.uk/pride/data/archive/2023/10/PXD043473/20221220_Ec_01_RZ_SBP_Exp2.raw	v1.1.0	NT=ms-proteomics;VV=v1.1.0	NT=single-cell;VV=v1.0.0
Run2_carrier_cells_1	Escherichia coli	Cell lysate	Escherichia coli BL21(DE3)	not applicable	Prokaryotic cell	carrier	FACS	carrier	250	16	LB medium, then Terrific Broth	37°C	run 2	Proteomic profiling by mass spectrometry	1	Exp2	NT=Data-dependent acquisition;AC=PRIDE:0000627	20221220_Ec_01_RZ_SBP_Exp2.raw	1	Label free sample	not available	not available	Orbitrap Eclipse	NT=Trypsin;AC=1001251	0.05 Da	10 ppm	NT=TMT6plex;AC=737;CF=H(20) C(8) 13C(4) N 15N O(2);MM=229.162932;MT=Variable;PP=Anywhere;TA=['K']	NT=HCD; AC=MS:1002481	35% NCE	Not available	https://ftp.pride.ebi.ac.uk/pride/data/archive/2023/10/PXD043473/20221220_Ec_01_RZ_SBP_Exp2.raw	v1.1.0	NT=ms-proteomics;VV=v1.1.0	NT=single-cell;VV=v1.0.0
Run2_carrier_cells_2	Escherichia coli	Cell lysate	Escherichia coli BL21(DE3)	not applicable	Prokaryotic cell	carrier	FACS	carrier	250	17	LB medium, then Terrific Broth	37°C	run 2	Proteomic profiling by mass spectrometry	1	Exp2	NT=Data-dependent acquisition;AC=PRIDE:0000627	20221220_Ec_01_RZ_SBP_Exp2.raw	1	Label free sample	not available	not available	Orbitrap Eclipse	NT=Trypsin;AC=1001251	0.05 Da	10 ppm	NT=TMT6plex;AC=737;CF=H(20) C(8) 13C(4) N 15N O(2);MM=229.162932;MT=Variable;PP=Anywhere;TA=['K']	NT=HCD; AC=MS:1002481	35% NCE	Not available	https://ftp.pride.ebi.ac.uk/pride/data/archive/2023/10/PXD043473/20221220_Ec_01_RZ_SBP_Exp2.raw	v1.1.0	NT=ms-proteomics;VV=v1.1.0	NT=single-cell;VV=v1.0.0
Run3_cell1	Escherichia coli	Cell lysate	Escherichia coli BL21(DE3)	not applicable	Prokaryotic cell	single cell	FACS	Run3_cell1	1	18	LB medium, then Terrific Broth	37°C	run 3	Proteomic profiling by mass spectrometry	1	Exp3	NT=Data-dependent acquisition;AC=PRIDE:0000627	20221220_Ec_03_RZ_SBP_Exp3.raw	1	Label free sample	not available	not available	Orbitrap Eclipse	NT=Trypsin;AC=1001251	0.05 Da	10 ppm	NT=TMT6plex;AC=737;CF=H(20) C(8) 13C(4) N 15N O(2);MM=229.162932;MT=Variable;PP=Anywhere;TA=['K']	NT=HCD; AC=MS:1002481	35% NCE	Not available	https://ftp.pride.ebi.ac.uk/pride/data/archive/2023/10/PXD043473/20221220_Ec_01_RZ_SBP_Exp3.raw	v1.1.0	NT=ms-proteomics;VV=v1.1.0	NT=single-cell;VV=v1.0.0
Run3_cell2	Escherichia coli	Cell lysate	Escherichia coli BL21(DE3)	not applicable	Prokaryotic cell	single cell	FACS	Run3_cell2	1	19	LB medium, then Terrific Broth	37°C	run 3	Proteomic profiling by mass spectrometry	1	Exp3	NT=Data-dependent acquisition;AC=PRIDE:0000627	20221220_Ec_03_RZ_SBP_Exp3.raw	1	Label free sample	not available	not available	Orbitrap Eclipse	NT=Trypsin;AC=1001251	0.05 Da	10 ppm	NT=TMT6plex;AC=737;CF=H(20) C(8) 13C(4) N 15N O(2);MM=229.162932;MT=Variable;PP=Anywhere;TA=['K']	NT=HCD; AC=MS:1002481	35% NCE	Not available	https://ftp.pride.ebi.ac.uk/pride/data/archive/2023/10/PXD043473/20221220_Ec_01_RZ_SBP_Exp3.raw	v1.1.0	NT=ms-proteomics;VV=v1.1.0	NT=single-cell;VV=v1.0.0
Run3_cell3	Escherichia coli	Cell lysate	Escherichia coli BL21(DE3)	not applicable	Prokaryotic cell	single cell	FACS	Run3_cell3	1	20	LB medium, then Terrific Broth	37°C	run 3	Proteomic profiling by mass spectrometry	1	Exp3	NT=Data-dependent acquisition;AC=PRIDE:0000627	20221220_Ec_03_RZ_SBP_Exp3.raw	1	Label free sample	not available	not available	Orbitrap Eclipse	NT=Trypsin;AC=1001251	0.05 Da	10 ppm	NT=TMT6plex;AC=737;CF=H(20) C(8) 13C(4) N 15N O(2);MM=229.162932;MT=Variable;PP=Anywhere;TA=['K']	NT=HCD; AC=MS:1002481	35% NCE	Not available	https://ftp.pride.ebi.ac.uk/pride/data/archive/2023/10/PXD043473/20221220_Ec_01_RZ_SBP_Exp3.raw	v1.1.0	NT=ms-proteomics;VV=v1.1.0	NT=single-cell;VV=v1.0.0
Run3_cell4_and_5	Escherichia coli	Cell lysate	Escherichia coli BL21(DE3)	not applicable	Prokaryotic cell	pooled	FACS	Run3_cell4_and_5	2	21	LB medium, then Terrific Broth	37°C	run 3	Proteomic profiling by mass spectrometry	1	Exp3	NT=Data-dependent acquisition;AC=PRIDE:0000627	20221220_Ec_03_RZ_SBP_Exp3.raw	1	Label free sample	not available	not available	Orbitrap Eclipse	NT=Trypsin;AC=1001251	0.05 Da	10 ppm	NT=TMT6plex;AC=737;CF=H(20) C(8) 13C(4) N 15N O(2);MM=229.162932;MT=Variable;PP=Anywhere;TA=['K']	NT=HCD; AC=MS:1002481	35% NCE	Not available	https://ftp.pride.ebi.ac.uk/pride/data/archive/2023/10/PXD043473/20221220_Ec_01_RZ_SBP_Exp3.raw	v1.1.0	NT=ms-proteomics;VV=v1.1.0	NT=single-cell;VV=v1.0.0
Run3_cell6_and_7	Escherichia coli	Cell lysate	Escherichia coli BL21(DE3)	not applicable	Prokaryotic cell	pooled	FACS	Run3_cell6_and_7	2	22	LB medium, then Terrific Broth	37°C	run 3	Proteomic profiling by mass spectrometry	1	Exp3	NT=Data-dependent acquisition;AC=PRIDE:0000627	20221220_Ec_03_RZ_SBP_Exp3.raw	1	Label free sample	not available	not available	Orbitrap Eclipse	NT=Trypsin;AC=1001251	0.05 Da	10 ppm	NT=TMT6plex;AC=737;CF=H(20) C(8) 13C(4) N 15N O(2);MM=229.162932;MT=Variable;PP=Anywhere;TA=['K']	NT=HCD; AC=MS:1002481	35% NCE	Not available	https://ftp.pride.ebi.ac.uk/pride/data/archive/2023/10/PXD043473/20221220_Ec_01_RZ_SBP_Exp3.raw	v1.1.0	NT=ms-proteomics;VV=v1.1.0	NT=single-cell;VV=v1.0.0
Run3_cell8_and_9	Escherichia coli	Cell lysate	Escherichia coli BL21(DE3)	not applicable	Prokaryotic cell	pooled	FACS	Run3_cell8_and_9	2	23	LB medium, then Terrific Broth	37°C	run 3	Proteomic profiling by mass spectrometry	1	Exp3	NT=Data-dependent acquisition;AC=PRIDE:0000627	20221220_Ec_03_RZ_SBP_Exp3.raw	1	Label free sample	not available	not available	Orbitrap Eclipse	NT=Trypsin;AC=1001251	0.05 Da	10 ppm	NT=TMT6plex;AC=737;CF=H(20) C(8) 13C(4) N 15N O(2);MM=229.162932;MT=Variable;PP=Anywhere;TA=['K']	NT=HCD; AC=MS:1002481	35% NCE	Not available	https://ftp.pride.ebi.ac.uk/pride/data/archive/2023/10/PXD043473/20221220_Ec_01_RZ_SBP_Exp3.raw	v1.1.0	NT=ms-proteomics;VV=v1.1.0	NT=single-cell;VV=v1.0.0
Run3_carrier_cells_1	Escherichia coli	Cell lysate	Escherichia coli BL21(DE3)	not applicable	Prokaryotic cell	carrier	FACS	carrier	250	24	LB medium, then Terrific Broth	37°C	run 3	Proteomic profiling by mass spectrometry	1	Exp3	NT=Data-dependent acquisition;AC=PRIDE:0000627	20221220_Ec_03_RZ_SBP_Exp3.raw	1	Label free sample	not available	not available	Orbitrap Eclipse	NT=Trypsin;AC=1001251	0.05 Da	10 ppm	NT=TMT6plex;AC=737;CF=H(20) C(8) 13C(4) N 15N O(2);MM=229.162932;MT=Variable;PP=Anywhere;TA=['K']	NT=HCD; AC=MS:1002481	35% NCE	Not available	https://ftp.pride.ebi.ac.uk/pride/data/archive/2023/10/PXD043473/20221220_Ec_01_RZ_SBP_Exp3.raw	v1.1.0	NT=ms-proteomics;VV=v1.1.0	NT=single-cell;VV=v1.0.0
Run3_carrier_cells_2	Escherichia coli	Cell lysate	Escherichia coli BL21(DE3)	not applicable	Prokaryotic cell	carrier	FACS	carrier	250	25	LB medium, then Terrific Broth	37°C	run 3	Proteomic profiling by mass spectrometry	1	Exp3	NT=Data-dependent acquisition;AC=PRIDE:0000627	20221220_Ec_03_RZ_SBP_Exp3.raw	1	Label free sample	not available	not available	Orbitrap Eclipse	NT=Trypsin;AC=1001251	0.05 Da	10 ppm	NT=TMT6plex;AC=737;CF=H(20) C(8) 13C(4) N 15N O(2);MM=229.162932;MT=Variable;PP=Anywhere;TA=['K']	NT=HCD; AC=MS:1002481	35% NCE	Not available	https://ftp.pride.ebi.ac.uk/pride/data/archive/2023/10/PXD043473/20221220_Ec_01_RZ_SBP_Exp3.raw	v1.1.0	NT=ms-proteomics;VV=v1.1.0	NT=single-cell;VV=v1.0.0
Run4_cell1	Escherichia coli	Cell lysate	Escherichia coli BL21(DE3)	not applicable	Prokaryotic cell	single cell	FACS	Run4_cell1	1	26	LB medium, then Terrific Broth	37°C	run 4	Proteomic profiling by mass spectrometry	1	Exp4	NT=Data-dependent acquisition;AC=PRIDE:0000627	20221220_Ec_04_RZ_SBP_Exp4.raw	1	Label free sample	not available	not available	Orbitrap Eclipse	NT=Trypsin;AC=1001251	0.05 Da	10 ppm	NT=TMT6plex;AC=737;CF=H(20) C(8) 13C(4) N 15N O(2);MM=229.162932;MT=Variable;PP=Anywhere;TA=['K']	NT=HCD; AC=MS:1002481	35% NCE	Not available	https://ftp.pride.ebi.ac.uk/pride/data/archive/2023/10/PXD043473/20221220_Ec_01_RZ_SBP_Exp4.raw	v1.1.0	NT=ms-proteomics;VV=v1.1.0	NT=single-cell;VV=v1.0.0
Run4_cell2	Escherichia coli	Cell lysate	Escherichia coli BL21(DE3)	not applicable	Prokaryotic cell	single cell	FACS	Run4_cell2	1	27	LB medium, then Terrific Broth	37°C	run 4	Proteomic profiling by mass spectrometry	1	Exp4	NT=Data-dependent acquisition;AC=PRIDE:0000627	20221220_Ec_04_RZ_SBP_Exp4.raw	1	Label free sample	not available	not available	Orbitrap Eclipse	NT=Trypsin;AC=1001251	0.05 Da	10 ppm	NT=TMT6plex;AC=737;CF=H(20) C(8) 13C(4) N 15N O(2);MM=229.162932;MT=Variable;PP=Anywhere;TA=['K']	NT=HCD; AC=MS:1002481	35% NCE	Not available	https://ftp.pride.ebi.ac.uk/pride/data/archive/2023/10/PXD043473/20221220_Ec_01_RZ_SBP_Exp4.raw	v1.1.0	NT=ms-proteomics;VV=v1.1.0	NT=single-cell;VV=v1.0.0
Run4_cell3	Escherichia coli	Cell lysate	Escherichia coli BL21(DE3)	not applicable	Prokaryotic cell	single cell	FACS	Run4_cell3	1	28	LB medium, then Terrific Broth	37°C	run 4	Proteomic profiling by mass spectrometry	1	Exp4	NT=Data-dependent acquisition;AC=PRIDE:0000627	20221220_Ec_04_RZ_SBP_Exp4.raw	1	Label free sample	not available	not available	Orbitrap Eclipse	NT=Trypsin;AC=1001251	0.05 Da	10 ppm	NT=TMT6plex;AC=737;CF=H(20) C(8) 13C(4) N 15N O(2);MM=229.162932;MT=Variable;PP=Anywhere;TA=['K']	NT=HCD; AC=MS:1002481	35% NCE	Not available	https://ftp.pride.ebi.ac.uk/pride/data/archive/2023/10/PXD043473/20221220_Ec_01_RZ_SBP_Exp4.raw	v1.1.0	NT=ms-proteomics;VV=v1.1.0	NT=single-cell;VV=v1.0.0
Run4_cell4_and_5	Escherichia coli	Cell lysate	Escherichia coli BL21(DE3)	not applicable	Prokaryotic cell	pooled	FACS	Run4_cell4_and_5	2	29	LB medium, then Terrific Broth	37°C	run 4	Proteomic profiling by mass spectrometry	1	Exp4	NT=Data-dependent acquisition;AC=PRIDE:0000627	20221220_Ec_04_RZ_SBP_Exp4.raw	1	Label free sample	not available	not available	Orbitrap Eclipse	NT=Trypsin;AC=1001251	0.05 Da	10 ppm	NT=TMT6plex;AC=737;CF=H(20) C(8) 13C(4) N 15N O(2);MM=229.162932;MT=Variable;PP=Anywhere;TA=['K']	NT=HCD; AC=MS:1002481	35% NCE	Not available	https://ftp.pride.ebi.ac.uk/pride/data/archive/2023/10/PXD043473/20221220_Ec_01_RZ_SBP_Exp4.raw	v1.1.0	NT=ms-proteomics;VV=v1.1.0	NT=single-cell;VV=v1.0.0
Run4_cell6_and_7	Escherichia coli	Cell lysate	Escherichia coli BL21(DE3)	not applicable	Prokaryotic cell	pooled	FACS	Run4_cell6_and_7	2	30	LB medium, then Terrific Broth	37°C	run 4	Proteomic profiling by mass spectrometry	1	Exp4	NT=Data-dependent acquisition;AC=PRIDE:0000627	20221220_Ec_04_RZ_SBP_Exp4.raw	1	Label free sample	not available	not available	Orbitrap Eclipse	NT=Trypsin;AC=1001251	0.05 Da	10 ppm	NT=TMT6plex;AC=737;CF=H(20) C(8) 13C(4) N 15N O(2);MM=229.162932;MT=Variable;PP=Anywhere;TA=['K']	NT=HCD; AC=MS:1002481	35% NCE	Not available	https://ftp.pride.ebi.ac.uk/pride/data/archive/2023/10/PXD043473/20221220_Ec_01_RZ_SBP_Exp4.raw	v1.1.0	NT=ms-proteomics;VV=v1.1.0	NT=single-cell;VV=v1.0.0
Run4_cell8_and_9	Escherichia coli	Cell lysate	Escherichia coli BL21(DE3)	not applicable	Prokaryotic cell	pooled	FACS	Run4_cell8_and_9	2	31	LB medium, then Terrific Broth	37°C	run 4	Proteomic profiling by mass spectrometry	1	Exp4	NT=Data-dependent acquisition;AC=PRIDE:0000627	20221220_Ec_04_RZ_SBP_Exp4.raw	1	Label free sample	not available	not available	Orbitrap Eclipse	NT=Trypsin;AC=1001251	0.05 Da	10 ppm	NT=TMT6plex;AC=737;CF=H(20) C(8) 13C(4) N 15N O(2);MM=229.162932;MT=Variable;PP=Anywhere;TA=['K']	NT=HCD; AC=MS:1002481	35% NCE	Not available	https://ftp.pride.ebi.ac.uk/pride/data/archive/2023/10/PXD043473/20221220_Ec_01_RZ_SBP_Exp4.raw	v1.1.0	NT=ms-proteomics;VV=v1.1.0	NT=single-cell;VV=v1.0.0
Run4_carrier_cells_1	Escherichia coli	Cell lysate	Escherichia coli BL21(DE3)	not applicable	Prokaryotic cell	carrier	FACS	carrier	250	32	LB medium, then Terrific Broth	37°C	run 4	Proteomic profiling by mass spectrometry	1	Exp4	NT=Data-dependent acquisition;AC=PRIDE:0000627	20221220_Ec_04_RZ_SBP_Exp4.raw	1	Label free sample	not available	not available	Orbitrap Eclipse	NT=Trypsin;AC=1001251	0.05 Da	10 ppm	NT=TMT6plex;AC=737;CF=H(20) C(8) 13C(4) N 15N O(2);MM=229.162932;MT=Variable;PP=Anywhere;TA=['K']	NT=HCD; AC=MS:1002481	35% NCE	Not available	https://ftp.pride.ebi.ac.uk/pride/data/archive/2023/10/PXD043473/20221220_Ec_01_RZ_SBP_Exp4.raw	v1.1.0	NT=ms-proteomics;VV=v1.1.0	NT=single-cell;VV=v1.0.0
Run4_carrier_cells_2	Escherichia coli	Cell lysate	Escherichia coli BL21(DE3)	not applicable	Prokaryotic cell	carrier	FACS	carrier	250	33	LB medium, then Terrific Broth	37°C	run 4	Proteomic profiling by mass spectrometry	1	Exp4	NT=Data-dependent acquisition;AC=PRIDE:0000627	20221220_Ec_04_RZ_SBP_Exp4.raw	1	Label free sample	not available	not available	Orbitrap Eclipse	NT=Trypsin;AC=1001251	0.05 Da	10 ppm	NT=TMT6plex;AC=737;CF=H(20) C(8) 13C(4) N 15N O(2);MM=229.162932;MT=Variable;PP=Anywhere;TA=['K']	NT=HCD; AC=MS:1002481	35% NCE	Not available	https://ftp.pride.ebi.ac.uk/pride/data/archive/2023/10/PXD043473/20221220_Ec_01_RZ_SBP_Exp4.raw	v1.1.0	NT=ms-proteomics;VV=v1.1.0	NT=single-cell;VV=v1.0.0
Run5_cell1	Escherichia coli	Cell lysate	Escherichia coli BL21(DE3)	not applicable	Prokaryotic cell	single cell	FACS	Run5_cell1	1	34	LB medium, then Terrific Broth	37°C	run 5	Proteomic profiling by mass spectrometry	1	Exp5	NT=Data-dependent acquisition;AC=PRIDE:0000627	20221220_Ec_05_RZ_SBP_Exp5.raw	1	Label free sample	not available	not available	Orbitrap Eclipse	NT=Trypsin;AC=1001251	0.05 Da	10 ppm	NT=TMT6plex;AC=737;CF=H(20) C(8) 13C(4) N 15N O(2);MM=229.162932;MT=Variable;PP=Anywhere;TA=['K']	NT=HCD; AC=MS:1002481	35% NCE	Not available	https://ftp.pride.ebi.ac.uk/pride/data/archive/2023/10/PXD043473/20221220_Ec_01_RZ_SBP_Exp5.raw	v1.1.0	NT=ms-proteomics;VV=v1.1.0	NT=single-cell;VV=v1.0.0
Run5_cell2	Escherichia coli	Cell lysate	Escherichia coli BL21(DE3)	not applicable	Prokaryotic cell	single cell	FACS	Run5_cell2	1	35	LB medium, then Terrific Broth	37°C	run 5	Proteomic profiling by mass spectrometry	1	Exp5	NT=Data-dependent acquisition;AC=PRIDE:0000627	20221220_Ec_05_RZ_SBP_Exp5.raw	1	Label free sample	not available	not available	Orbitrap Eclipse	NT=Trypsin;AC=1001251	0.05 Da	10 ppm	NT=TMT6plex;AC=737;CF=H(20) C(8) 13C(4) N 15N O(2);MM=229.162932;MT=Variable;PP=Anywhere;TA=['K']	NT=HCD; AC=MS:1002481	35% NCE	Not available	https://ftp.pride.ebi.ac.uk/pride/data/archive/2023/10/PXD043473/20221220_Ec_01_RZ_SBP_Exp5.raw	v1.1.0	NT=ms-proteomics;VV=v1.1.0	NT=single-cell;VV=v1.0.0
Run5_cell3	Escherichia coli	Cell lysate	Escherichia coli BL21(DE3)	not applicable	Prokaryotic cell	single cell	FACS	Run5_cell3	1	36	LB medium, then Terrific Broth	37°C	run 5	Proteomic profiling by mass spectrometry	1	Exp5	NT=Data-dependent acquisition;AC=PRIDE:0000627	20221220_Ec_05_RZ_SBP_Exp5.raw	1	Label free sample	not available	not available	Orbitrap Eclipse	NT=Trypsin;AC=1001251	0.05 Da	10 ppm	NT=TMT6plex;AC=737;CF=H(20) C(8) 13C(4) N 15N O(2);MM=229.162932;MT=Variable;PP=Anywhere;TA=['K']	NT=HCD; AC=MS:1002481	35% NCE	Not available	https://ftp.pride.ebi.ac.uk/pride/data/archive/2023/10/PXD043473/20221220_Ec_01_RZ_SBP_Exp5.raw	v1.1.0	NT=ms-proteomics;VV=v1.1.0	NT=single-cell;VV=v1.0.0
Run5_cell4_and_5	Escherichia coli	Cell lysate	Escherichia coli BL21(DE3)	not applicable	Prokaryotic cell	pooled	FACS	Run5_cell4_and_5	2	37	LB medium, then Terrific Broth	37°C	run 5	Proteomic profiling by mass spectrometry	1	Exp5	NT=Data-dependent acquisition;AC=PRIDE:0000627	20221220_Ec_05_RZ_SBP_Exp5.raw	1	Label free sample	not available	not available	Orbitrap Eclipse	NT=Trypsin;AC=1001251	0.05 Da	10 ppm	NT=TMT6plex;AC=737;CF=H(20) C(8) 13C(4) N 15N O(2);MM=229.162932;MT=Variable;PP=Anywhere;TA=['K']	NT=HCD; AC=MS:1002481	35% NCE	Not available	https://ftp.pride.ebi.ac.uk/pride/data/archive/2023/10/PXD043473/20221220_Ec_01_RZ_SBP_Exp5.raw	v1.1.0	NT=ms-proteomics;VV=v1.1.0	NT=single-cell;VV=v1.0.0
Run5_cell6_and_7	Escherichia coli	Cell lysate	Escherichia coli BL21(DE3)	not applicable	Prokaryotic cell	pooled	FACS	Run5_cell6_and_7	2	38	LB medium, then Terrific Broth	37°C	run 5	Proteomic profiling by mass spectrometry	1	Exp5	NT=Data-dependent acquisition;AC=PRIDE:0000627	20221220_Ec_05_RZ_SBP_Exp5.raw	1	Label free sample	not available	not available	Orbitrap Eclipse	NT=Trypsin;AC=1001251	0.05 Da	10 ppm	NT=TMT6plex;AC=737;CF=H(20) C(8) 13C(4) N 15N O(2);MM=229.162932;MT=Variable;PP=Anywhere;TA=['K']	NT=HCD; AC=MS:1002481	35% NCE	Not available	https://ftp.pride.ebi.ac.uk/pride/data/archive/2023/10/PXD043473/20221220_Ec_01_RZ_SBP_Exp5.raw	v1.1.0	NT=ms-proteomics;VV=v1.1.0	NT=single-cell;VV=v1.0.0
Run5_cell8_and_9	Escherichia coli	Cell lysate	Escherichia coli BL21(DE3)	not applicable	Prokaryotic cell	pooled	FACS	Run5_cell8_and_9	2	39	LB medium, then Terrific Broth	37°C	run 5	Proteomic profiling by mass spectrometry	1	Exp5	NT=Data-dependent acquisition;AC=PRIDE:0000627	20221220_Ec_05_RZ_SBP_Exp5.raw	1	Label free sample	not available	not available	Orbitrap Eclipse	NT=Trypsin;AC=1001251	0.05 Da	10 ppm	NT=TMT6plex;AC=737;CF=H(20) C(8) 13C(4) N 15N O(2);MM=229.162932;MT=Variable;PP=Anywhere;TA=['K']	NT=HCD; AC=MS:1002481	35% NCE	Not available	https://ftp.pride.ebi.ac.uk/pride/data/archive/2023/10/PXD043473/20221220_Ec_01_RZ_SBP_Exp5.raw	v1.1.0	NT=ms-proteomics;VV=v1.1.0	NT=single-cell;VV=v1.0.0
Run5_carrier_cells_1	Escherichia coli	Cell lysate	Escherichia coli BL21(DE3)	not applicable	Prokaryotic cell	carrier	FACS	carrier	250	40	LB medium, then Terrific Broth	37°C	run 5	Proteomic profiling by mass spectrometry	1	Exp5	NT=Data-dependent acquisition;AC=PRIDE:0000627	20221220_Ec_05_RZ_SBP_Exp5.raw	1	Label free sample	not available	not available	Orbitrap Eclipse	NT=Trypsin;AC=1001251	0.05 Da	10 ppm	NT=TMT6plex;AC=737;CF=H(20) C(8) 13C(4) N 15N O(2);MM=229.162932;MT=Variable;PP=Anywhere;TA=['K']	NT=HCD; AC=MS:1002481	35% NCE	Not available	https://ftp.pride.ebi.ac.uk/pride/data/archive/2023/10/PXD043473/20221220_Ec_01_RZ_SBP_Exp5.raw	v1.1.0	NT=ms-proteomics;VV=v1.1.0	NT=single-cell;VV=v1.0.0
Run5_carrier_cells_2	Escherichia coli	Cell lysate	Escherichia coli BL21(DE3)	not applicable	Prokaryotic cell	carrier	FACS	carrier	250	41	LB medium, then Terrific Broth	37°C	run 5	Proteomic profiling by mass spectrometry	1	Exp5	NT=Data-dependent acquisition;AC=PRIDE:0000627	20221220_Ec_05_RZ_SBP_Exp5.raw	1	Label free sample	not available	not available	Orbitrap Eclipse	NT=Trypsin;AC=1001251	0.05 Da	10 ppm	NT=TMT6plex;AC=737;CF=H(20) C(8) 13C(4) N 15N O(2);MM=229.162932;MT=Variable;PP=Anywhere;TA=['K']	NT=HCD; AC=MS:1002481	35% NCE	Not available	https://ftp.pride.ebi.ac.uk/pride/data/archive/2023/10/PXD043473/20221220_Ec_01_RZ_SBP_Exp5.raw	v1.1.0	NT=ms-proteomics;VV=v1.1.0	NT=single-cell;VV=v1.0.0
Run6_cell1	Escherichia coli	Cell lysate	Escherichia coli BL21(DE3)	not applicable	Prokaryotic cell	single cell	FACS	Run6_cell1	1	42	LB medium, then Terrific Broth	37°C	run 6	Proteomic profiling by mass spectrometry	1	Exp6	NT=Data-dependent acquisition;AC=PRIDE:0000627	20221220_Ec_06_RZ_SBP_Exp6.raw	1	Label free sample	not available	not available	Orbitrap Eclipse	NT=Trypsin;AC=1001251	0.05 Da	10 ppm	NT=TMT6plex;AC=737;CF=H(20) C(8) 13C(4) N 15N O(2);MM=229.162932;MT=Variable;PP=Anywhere;TA=['K']	NT=HCD; AC=MS:1002481	35% NCE	Not available	https://ftp.pride.ebi.ac.uk/pride/data/archive/2023/10/PXD043473/20221220_Ec_01_RZ_SBP_Exp6.raw	v1.1.0	NT=ms-proteomics;VV=v1.1.0	NT=single-cell;VV=v1.0.0
Run6_cell2	Escherichia coli	Cell lysate	Escherichia coli BL21(DE3)	not applicable	Prokaryotic cell	single cell	FACS	Run6_cell2	1	43	LB medium, then Terrific Broth	37°C	run 6	Proteomic profiling by mass spectrometry	1	Exp6	NT=Data-dependent acquisition;AC=PRIDE:0000627	20221220_Ec_06_RZ_SBP_Exp6.raw	1	Label free sample	not available	not available	Orbitrap Eclipse	NT=Trypsin;AC=1001251	0.05 Da	10 ppm	NT=TMT6plex;AC=737;CF=H(20) C(8) 13C(4) N 15N O(2);MM=229.162932;MT=Variable;PP=Anywhere;TA=['K']	NT=HCD; AC=MS:1002481	35% NCE	Not available	https://ftp.pride.ebi.ac.uk/pride/data/archive/2023/10/PXD043473/20221220_Ec_01_RZ_SBP_Exp6.raw	v1.1.0	NT=ms-proteomics;VV=v1.1.0	NT=single-cell;VV=v1.0.0
Run6_cell3	Escherichia coli	Cell lysate	Escherichia coli BL21(DE3)	not applicable	Prokaryotic cell	single cell	FACS	Run6_cell3	1	44	LB medium, then Terrific Broth	37°C	run 6	Proteomic profiling by mass spectrometry	1	Exp6	NT=Data-dependent acquisition;AC=PRIDE:0000627	20221220_Ec_06_RZ_SBP_Exp6.raw	1	Label free sample	not available	not available	Orbitrap Eclipse	NT=Trypsin;AC=1001251	0.05 Da	10 ppm	NT=TMT6plex;AC=737;CF=H(20) C(8) 13C(4) N 15N O(2);MM=229.162932;MT=Variable;PP=Anywhere;TA=['K']	NT=HCD; AC=MS:1002481	35% NCE	Not available	https://ftp.pride.ebi.ac.uk/pride/data/archive/2023/10/PXD043473/20221220_Ec_01_RZ_SBP_Exp6.raw	v1.1.0	NT=ms-proteomics;VV=v1.1.0	NT=single-cell;VV=v1.0.0
Run6_cell4_and_5	Escherichia coli	Cell lysate	Escherichia coli BL21(DE3)	not applicable	Prokaryotic cell	pooled	FACS	Run6_cell4_and_5	2	45	LB medium, then Terrific Broth	37°C	run 6	Proteomic profiling by mass spectrometry	1	Exp6	NT=Data-dependent acquisition;AC=PRIDE:0000627	20221220_Ec_06_RZ_SBP_Exp6.raw	1	Label free sample	not available	not available	Orbitrap Eclipse	NT=Trypsin;AC=1001251	0.05 Da	10 ppm	NT=TMT6plex;AC=737;CF=H(20) C(8) 13C(4) N 15N O(2);MM=229.162932;MT=Variable;PP=Anywhere;TA=['K']	NT=HCD; AC=MS:1002481	35% NCE	Not available	https://ftp.pride.ebi.ac.uk/pride/data/archive/2023/10/PXD043473/20221220_Ec_01_RZ_SBP_Exp6.raw	v1.1.0	NT=ms-proteomics;VV=v1.1.0	NT=single-cell;VV=v1.0.0
Run6_cell6_and_7	Escherichia coli	Cell lysate	Escherichia coli BL21(DE3)	not applicable	Prokaryotic cell	pooled	FACS	Run6_cell6_and_7	2	46	LB medium, then Terrific Broth	37°C	run 6	Proteomic profiling by mass spectrometry	1	Exp6	NT=Data-dependent acquisition;AC=PRIDE:0000627	20221220_Ec_06_RZ_SBP_Exp6.raw	1	Label free sample	not available	not available	Orbitrap Eclipse	NT=Trypsin;AC=1001251	0.05 Da	10 ppm	NT=TMT6plex;AC=737;CF=H(20) C(8) 13C(4) N 15N O(2);MM=229.162932;MT=Variable;PP=Anywhere;TA=['K']	NT=HCD; AC=MS:1002481	35% NCE	Not available	https://ftp.pride.ebi.ac.uk/pride/data/archive/2023/10/PXD043473/20221220_Ec_01_RZ_SBP_Exp6.raw	v1.1.0	NT=ms-proteomics;VV=v1.1.0	NT=single-cell;VV=v1.0.0
Run6_cell8_and_9	Escherichia coli	Cell lysate	Escherichia coli BL21(DE3)	not applicable	Prokaryotic cell	pooled	FACS	Run6_cell8_and_9	2	47	LB medium, then Terrific Broth	37°C	run 6	Proteomic profiling by mass spectrometry	1	Exp6	NT=Data-dependent acquisition;AC=PRIDE:0000627	20221220_Ec_06_RZ_SBP_Exp6.raw	1	Label free sample	not available	not available	Orbitrap Eclipse	NT=Trypsin;AC=1001251	0.05 Da	10 ppm	NT=TMT6plex;AC=737;CF=H(20) C(8) 13C(4) N 15N O(2);MM=229.162932;MT=Variable;PP=Anywhere;TA=['K']	NT=HCD; AC=MS:1002481	35% NCE	Not available	https://ftp.pride.ebi.ac.uk/pride/data/archive/2023/10/PXD043473/20221220_Ec_01_RZ_SBP_Exp6.raw	v1.1.0	NT=ms-proteomics;VV=v1.1.0	NT=single-cell;VV=v1.0.0
Run6_carrier_cells_1	Escherichia coli	Cell lysate	Escherichia coli BL21(DE3)	not applicable	Prokaryotic cell	carrier	FACS	carrier	250	48	LB medium, then Terrific Broth	37°C	run 6	Proteomic profiling by mass spectrometry	1	Exp6	NT=Data-dependent acquisition;AC=PRIDE:0000627	20221220_Ec_06_RZ_SBP_Exp6.raw	1	Label free sample	not available	not available	Orbitrap Eclipse	NT=Trypsin;AC=1001251	0.05 Da	10 ppm	NT=TMT6plex;AC=737;CF=H(20) C(8) 13C(4) N 15N O(2);MM=229.162932;MT=Variable;PP=Anywhere;TA=['K']	NT=HCD; AC=MS:1002481	35% NCE	Not available	https://ftp.pride.ebi.ac.uk/pride/data/archive/2023/10/PXD043473/20221220_Ec_01_RZ_SBP_Exp6.raw	v1.1.0	NT=ms-proteomics;VV=v1.1.0	NT=single-cell;VV=v1.0.0
Run6_carrier_cells_2	Escherichia coli	Cell lysate	Escherichia coli BL21(DE3)	not applicable	Prokaryotic cell	carrier	FACS	carrier	250	49	LB medium, then Terrific Broth	37°C	run 6	Proteomic profiling by mass spectrometry	1	Exp6	NT=Data-dependent acquisition;AC=PRIDE:0000627	20221220_Ec_06_RZ_SBP_Exp6.raw	1	Label free sample	not available	not available	Orbitrap Eclipse	NT=Trypsin;AC=1001251	0.05 Da	10 ppm	NT=TMT6plex;AC=737;CF=H(20) C(8) 13C(4) N 15N O(2);MM=229.162932;MT=Variable;PP=Anywhere;TA=['K']	NT=HCD; AC=MS:1002481	35% NCE	Not available	https://ftp.pride.ebi.ac.uk/pride/data/archive/2023/10/PXD043473/20221220_Ec_01_RZ_SBP_Exp6.raw	v1.1.0	NT=ms-proteomics;VV=v1.1.0	NT=single-cell;VV=v1.0.0
Run7_cell1	Escherichia coli	Cell lysate	Escherichia coli BL21(DE3)	not applicable	Prokaryotic cell	single cell	FACS	Run7_cell1	1	50	LB medium, then Terrific Broth	37°C	run 7	Proteomic profiling by mass spectrometry	1	Exp7	NT=Data-dependent acquisition;AC=PRIDE:0000627	20221220_Ec_07_RZ_SBP_Exp7.raw	1	Label free sample	not available	not available	Orbitrap Eclipse	NT=Trypsin;AC=1001251	0.05 Da	10 ppm	NT=TMT6plex;AC=737;CF=H(20) C(8) 13C(4) N 15N O(2);MM=229.162932;MT=Variable;PP=Anywhere;TA=['K']	NT=HCD; AC=MS:1002481	35% NCE	Not available	https://ftp.pride.ebi.ac.uk/pride/data/archive/2023/10/PXD043473/20221220_Ec_01_RZ_SBP_Exp7.raw	v1.1.0	NT=ms-proteomics;VV=v1.1.0	NT=single-cell;VV=v1.0.0
Run7_cell2	Escherichia coli	Cell lysate	Escherichia coli BL21(DE3)	not applicable	Prokaryotic cell	single cell	FACS	Run7_cell2	1	51	LB medium, then Terrific Broth	37°C	run 7	Proteomic profiling by mass spectrometry	1	Exp7	NT=Data-dependent acquisition;AC=PRIDE:0000627	20221220_Ec_07_RZ_SBP_Exp7.raw	1	Label free sample	not available	not available	Orbitrap Eclipse	NT=Trypsin;AC=1001251	0.05 Da	10 ppm	NT=TMT6plex;AC=737;CF=H(20) C(8) 13C(4) N 15N O(2);MM=229.162932;MT=Variable;PP=Anywhere;TA=['K']	NT=HCD; AC=MS:1002481	35% NCE	Not available	https://ftp.pride.ebi.ac.uk/pride/data/archive/2023/10/PXD043473/20221220_Ec_01_RZ_SBP_Exp7.raw	v1.1.0	NT=ms-proteomics;VV=v1.1.0	NT=single-cell;VV=v1.0.0
Run7_cell3	Escherichia coli	Cell lysate	Escherichia coli BL21(DE3)	not applicable	Prokaryotic cell	single cell	FACS	Run7_cell3	1	52	LB medium, then Terrific Broth	37°C	run 7	Proteomic profiling by mass spectrometry	1	Exp7	NT=Data-dependent acquisition;AC=PRIDE:0000627	20221220_Ec_07_RZ_SBP_Exp7.raw	1	Label free sample	not available	not available	Orbitrap Eclipse	NT=Trypsin;AC=1001251	0.05 Da	10 ppm	NT=TMT6plex;AC=737;CF=H(20) C(8) 13C(4) N 15N O(2);MM=229.162932;MT=Variable;PP=Anywhere;TA=['K']	NT=HCD; AC=MS:1002481	35% NCE	Not available	https://ftp.pride.ebi.ac.uk/pride/data/archive/2023/10/PXD043473/20221220_Ec_01_RZ_SBP_Exp7.raw	v1.1.0	NT=ms-proteomics;VV=v1.1.0	NT=single-cell;VV=v1.0.0
Run7_cell4_and_5	Escherichia coli	Cell lysate	Escherichia coli BL21(DE3)	not applicable	Prokaryotic cell	pooled	FACS	Run7_cell4_and_5	2	53	LB medium, then Terrific Broth	37°C	run 7	Proteomic profiling by mass spectrometry	1	Exp7	NT=Data-dependent acquisition;AC=PRIDE:0000627	20221220_Ec_07_RZ_SBP_Exp7.raw	1	Label free sample	not available	not available	Orbitrap Eclipse	NT=Trypsin;AC=1001251	0.05 Da	10 ppm	NT=TMT6plex;AC=737;CF=H(20) C(8) 13C(4) N 15N O(2);MM=229.162932;MT=Variable;PP=Anywhere;TA=['K']	NT=HCD; AC=MS:1002481	35% NCE	Not available	https://ftp.pride.ebi.ac.uk/pride/data/archive/2023/10/PXD043473/20221220_Ec_01_RZ_SBP_Exp7.raw	v1.1.0	NT=ms-proteomics;VV=v1.1.0	NT=single-cell;VV=v1.0.0
Run7_cell6_and_7	Escherichia coli	Cell lysate	Escherichia coli BL21(DE3)	not applicable	Prokaryotic cell	pooled	FACS	Run7_cell6_and_7	2	54	LB medium, then Terrific Broth	37°C	run 7	Proteomic profiling by mass spectrometry	1	Exp7	NT=Data-dependent acquisition;AC=PRIDE:0000627	20221220_Ec_07_RZ_SBP_Exp7.raw	1	Label free sample	not available	not available	Orbitrap Eclipse	NT=Trypsin;AC=1001251	0.05 Da	10 ppm	NT=TMT6plex;AC=737;CF=H(20) C(8) 13C(4) N 15N O(2);MM=229.162932;MT=Variable;PP=Anywhere;TA=['K']	NT=HCD; AC=MS:1002481	35% NCE	Not available	https://ftp.pride.ebi.ac.uk/pride/data/archive/2023/10/PXD043473/20221220_Ec_01_RZ_SBP_Exp7.raw	v1.1.0	NT=ms-proteomics;VV=v1.1.0	NT=single-cell;VV=v1.0.0
Run7_cell8_and_9	Escherichia coli	Cell lysate	Escherichia coli BL21(DE3)	not applicable	Prokaryotic cell	pooled	FACS	Run7_cell8_and_9	2	55	LB medium, then Terrific Broth	37°C	run 7	Proteomic profiling by mass spectrometry	1	Exp7	NT=Data-dependent acquisition;AC=PRIDE:0000627	20221220_Ec_07_RZ_SBP_Exp7.raw	1	Label free sample	not available	not available	Orbitrap Eclipse	NT=Trypsin;AC=1001251	0.05 Da	10 ppm	NT=TMT6plex;AC=737;CF=H(20) C(8) 13C(4) N 15N O(2);MM=229.162932;MT=Variable;PP=Anywhere;TA=['K']	NT=HCD; AC=MS:1002481	35% NCE	Not available	https://ftp.pride.ebi.ac.uk/pride/data/archive/2023/10/PXD043473/20221220_Ec_01_RZ_SBP_Exp7.raw	v1.1.0	NT=ms-proteomics;VV=v1.1.0	NT=single-cell;VV=v1.0.0
Run7_carrier_cells_1	Escherichia coli	Cell lysate	Escherichia coli BL21(DE3)	not applicable	Prokaryotic cell	carrier	FACS	carrier	250	56	LB medium, then Terrific Broth	37°C	run 7	Proteomic profiling by mass spectrometry	1	Exp7	NT=Data-dependent acquisition;AC=PRIDE:0000627	20221220_Ec_07_RZ_SBP_Exp7.raw	1	Label free sample	not available	not available	Orbitrap Eclipse	NT=Trypsin;AC=1001251	0.05 Da	10 ppm	NT=TMT6plex;AC=737;CF=H(20) C(8) 13C(4) N 15N O(2);MM=229.162932;MT=Variable;PP=Anywhere;TA=['K']	NT=HCD; AC=MS:1002481	35% NCE	Not available	https://ftp.pride.ebi.ac.uk/pride/data/archive/2023/10/PXD043473/20221220_Ec_01_RZ_SBP_Exp7.raw	v1.1.0	NT=ms-proteomics;VV=v1.1.0	NT=single-cell;VV=v1.0.0
Run7_carrier_cells_2	Escherichia coli	Cell lysate	Escherichia coli BL21(DE3)	not applicable	Prokaryotic cell	carrier	FACS	carrier	250	57	LB medium, then Terrific Broth	37°C	run 7	Proteomic profiling by mass spectrometry	1	Exp7	NT=Data-dependent acquisition;AC=PRIDE:0000627	20221220_Ec_07_RZ_SBP_Exp7.raw	1	Label free sample	not available	not available	Orbitrap Eclipse	NT=Trypsin;AC=1001251	0.05 Da	10 ppm	NT=TMT6plex;AC=737;CF=H(20) C(8) 13C(4) N 15N O(2);MM=229.162932;MT=Variable;PP=Anywhere;TA=['K']	NT=HCD; AC=MS:1002481	35% NCE	Not available	https://ftp.pride.ebi.ac.uk/pride/data/archive/2023/10/PXD043473/20221220_Ec_01_RZ_SBP_Exp7.raw	v1.1.0	NT=ms-proteomics;VV=v1.1.0	NT=single-cell;VV=v1.0.0
Run8_cell1	Escherichia coli	Cell lysate	Escherichia coli BL21(DE3)	not applicable	Prokaryotic cell	single cell	FACS	Run8_cell1	1	58	LB medium, then Terrific Broth	37°C	run 8	Proteomic profiling by mass spectrometry	1	Exp8	NT=Data-dependent acquisition;AC=PRIDE:0000627	20221220_Ec_08_RZ_SBP_Exp8.raw	1	Label free sample	not available	not available	Orbitrap Eclipse	NT=Trypsin;AC=1001251	0.05 Da	10 ppm	NT=TMT6plex;AC=737;CF=H(20) C(8) 13C(4) N 15N O(2);MM=229.162932;MT=Variable;PP=Anywhere;TA=['K']	NT=HCD; AC=MS:1002481	35% NCE	Not available	https://ftp.pride.ebi.ac.uk/pride/data/archive/2023/10/PXD043473/20221220_Ec_01_RZ_SBP_Exp8.raw	v1.1.0	NT=ms-proteomics;VV=v1.1.0	NT=single-cell;VV=v1.0.0
Run8_cell2	Escherichia coli	Cell lysate	Escherichia coli BL21(DE3)	not applicable	Prokaryotic cell	single cell	FACS	Run8_cell2	1	59	LB medium, then Terrific Broth	37°C	run 8	Proteomic profiling by mass spectrometry	1	Exp8	NT=Data-dependent acquisition;AC=PRIDE:0000627	20221220_Ec_08_RZ_SBP_Exp8.raw	1	Label free sample	not available	not available	Orbitrap Eclipse	NT=Trypsin;AC=1001251	0.05 Da	10 ppm	NT=TMT6plex;AC=737;CF=H(20) C(8) 13C(4) N 15N O(2);MM=229.162932;MT=Variable;PP=Anywhere;TA=['K']	NT=HCD; AC=MS:1002481	35% NCE	Not available	https://ftp.pride.ebi.ac.uk/pride/data/archive/2023/10/PXD043473/20221220_Ec_01_RZ_SBP_Exp8.raw	v1.1.0	NT=ms-proteomics;VV=v1.1.0	NT=single-cell;VV=v1.0.0
Run8_cell3	Escherichia coli	Cell lysate	Escherichia coli BL21(DE3)	not applicable	Prokaryotic cell	single cell	FACS	Run8_cell3	1	60	LB medium, then Terrific Broth	37°C	run 8	Proteomic profiling by mass spectrometry	1	Exp8	NT=Data-dependent acquisition;AC=PRIDE:0000627	20221220_Ec_08_RZ_SBP_Exp8.raw	1	Label free sample	not available	not available	Orbitrap Eclipse	NT=Trypsin;AC=1001251	0.05 Da	10 ppm	NT=TMT6plex;AC=737;CF=H(20) C(8) 13C(4) N 15N O(2);MM=229.162932;MT=Variable;PP=Anywhere;TA=['K']	NT=HCD; AC=MS:1002481	35% NCE	Not available	https://ftp.pride.ebi.ac.uk/pride/data/archive/2023/10/PXD043473/20221220_Ec_01_RZ_SBP_Exp8.raw	v1.1.0	NT=ms-proteomics;VV=v1.1.0	NT=single-cell;VV=v1.0.0
Run8_cell4_and_5	Escherichia coli	Cell lysate	Escherichia coli BL21(DE3)	not applicable	Prokaryotic cell	pooled	FACS	Run8_cell4_and_5	2	61	LB medium, then Terrific Broth	37°C	run 8	Proteomic profiling by mass spectrometry	1	Exp8	NT=Data-dependent acquisition;AC=PRIDE:0000627	20221220_Ec_08_RZ_SBP_Exp8.raw	1	Label free sample	not available	not available	Orbitrap Eclipse	NT=Trypsin;AC=1001251	0.05 Da	10 ppm	NT=TMT6plex;AC=737;CF=H(20) C(8) 13C(4) N 15N O(2);MM=229.162932;MT=Variable;PP=Anywhere;TA=['K']	NT=HCD; AC=MS:1002481	35% NCE	Not available	https://ftp.pride.ebi.ac.uk/pride/data/archive/2023/10/PXD043473/20221220_Ec_01_RZ_SBP_Exp8.raw	v1.1.0	NT=ms-proteomics;VV=v1.1.0	NT=single-cell;VV=v1.0.0
Run8_cell6_and_7	Escherichia coli	Cell lysate	Escherichia coli BL21(DE3)	not applicable	Prokaryotic cell	pooled	FACS	Run8_cell6_and_7	2	62	LB medium, then Terrific Broth	37°C	run 8	Proteomic profiling by mass spectrometry	1	Exp8	NT=Data-dependent acquisition;AC=PRIDE:0000627	20221220_Ec_08_RZ_SBP_Exp8.raw	1	Label free sample	not available	not available	Orbitrap Eclipse	NT=Trypsin;AC=1001251	0.05 Da	10 ppm	NT=TMT6plex;AC=737;CF=H(20) C(8) 13C(4) N 15N O(2);MM=229.162932;MT=Variable;PP=Anywhere;TA=['K']	NT=HCD; AC=MS:1002481	35% NCE	Not available	https://ftp.pride.ebi.ac.uk/pride/data/archive/2023/10/PXD043473/20221220_Ec_01_RZ_SBP_Exp8.raw	v1.1.0	NT=ms-proteomics;VV=v1.1.0	NT=single-cell;VV=v1.0.0
Run8_cell8_and_9	Escherichia coli	Cell lysate	Escherichia coli BL21(DE3)	not applicable	Prokaryotic cell	pooled	FACS	Run8_cell8_and_9	2	63	LB medium, then Terrific Broth	37°C	run 8	Proteomic profiling by mass spectrometry	1	Exp8	NT=Data-dependent acquisition;AC=PRIDE:0000627	20221220_Ec_08_RZ_SBP_Exp8.raw	1	Label free sample	not available	not available	Orbitrap Eclipse	NT=Trypsin;AC=1001251	0.05 Da	10 ppm	NT=TMT6plex;AC=737;CF=H(20) C(8) 13C(4) N 15N O(2);MM=229.162932;MT=Variable;PP=Anywhere;TA=['K']	NT=HCD; AC=MS:1002481	35% NCE	Not available	https://ftp.pride.ebi.ac.uk/pride/data/archive/2023/10/PXD043473/20221220_Ec_01_RZ_SBP_Exp8.raw	v1.1.0	NT=ms-proteomics;VV=v1.1.0	NT=single-cell;VV=v1.0.0
Run8_carrier_cells_1	Escherichia coli	Cell lysate	Escherichia coli BL21(DE3)	not applicable	Prokaryotic cell	carrier	FACS	carrier	250	64	LB medium, then Terrific Broth	37°C	run 8	Proteomic profiling by mass spectrometry	1	Exp8	NT=Data-dependent acquisition;AC=PRIDE:0000627	20221220_Ec_08_RZ_SBP_Exp8.raw	1	Label free sample	not available	not available	Orbitrap Eclipse	NT=Trypsin;AC=1001251	0.05 Da	10 ppm	NT=TMT6plex;AC=737;CF=H(20) C(8) 13C(4) N 15N O(2);MM=229.162932;MT=Variable;PP=Anywhere;TA=['K']	NT=HCD; AC=MS:1002481	35% NCE	Not available	https://ftp.pride.ebi.ac.uk/pride/data/archive/2023/10/PXD043473/20221220_Ec_01_RZ_SBP_Exp8.raw	v1.1.0	NT=ms-proteomics;VV=v1.1.0	NT=single-cell;VV=v1.0.0
Run8_carrier_cells_2	Escherichia coli	Cell lysate	Escherichia coli BL21(DE3)	not applicable	Prokaryotic cell	carrier	FACS	carrier	250	65	LB medium, then Terrific Broth	37°C	run 8	Proteomic profiling by mass spectrometry	1	Exp8	NT=Data-dependent acquisition;AC=PRIDE:0000627	20221220_Ec_08_RZ_SBP_Exp8.raw	1	Label free sample	not available	not available	Orbitrap Eclipse	NT=Trypsin;AC=1001251	0.05 Da	10 ppm	NT=TMT6plex;AC=737;CF=H(20) C(8) 13C(4) N 15N O(2);MM=229.162932;MT=Variable;PP=Anywhere;TA=['K']	NT=HCD; AC=MS:1002481	35% NCE	Not available	https://ftp.pride.ebi.ac.uk/pride/data/archive/2023/10/PXD043473/20221220_Ec_01_RZ_SBP_Exp8.raw	v1.1.0	NT=ms-proteomics;VV=v1.1.0	NT=single-cell;VV=v1.0.0
Run9_cell1	Escherichia coli	Cell lysate	Escherichia coli BL21(DE3)	not applicable	Prokaryotic cell	single cell	FACS	Run9_cell1	1	66	LB medium, then Terrific Broth	37°C	run 9	Proteomic profiling by mass spectrometry	1	Exp9	NT=Data-dependent acquisition;AC=PRIDE:0000627	20221220_Ec_09_RZ_SBP_Exp9.raw	1	Label free sample	not available	not available	Orbitrap Eclipse	NT=Trypsin;AC=1001251	0.05 Da	10 ppm	NT=TMT6plex;AC=737;CF=H(20) C(8) 13C(4) N 15N O(2);MM=229.162932;MT=Variable;PP=Anywhere;TA=['K']	NT=HCD; AC=MS:1002481	35% NCE	Not available	https://ftp.pride.ebi.ac.uk/pride/data/archive/2023/10/PXD043473/20221220_Ec_01_RZ_SBP_Exp9.raw	v1.1.0	NT=ms-proteomics;VV=v1.1.0	NT=single-cell;VV=v1.0.0
Run9_cell2	Escherichia coli	Cell lysate	Escherichia coli BL21(DE3)	not applicable	Prokaryotic cell	single cell	FACS	Run9_cell2	1	67	LB medium, then Terrific Broth	37°C	run 9	Proteomic profiling by mass spectrometry	1	Exp9	NT=Data-dependent acquisition;AC=PRIDE:0000627	20221220_Ec_09_RZ_SBP_Exp9.raw	1	Label free sample	not available	not available	Orbitrap Eclipse	NT=Trypsin;AC=1001251	0.05 Da	10 ppm	NT=TMT6plex;AC=737;CF=H(20) C(8) 13C(4) N 15N O(2);MM=229.162932;MT=Variable;PP=Anywhere;TA=['K']	NT=HCD; AC=MS:1002481	35% NCE	Not available	https://ftp.pride.ebi.ac.uk/pride/data/archive/2023/10/PXD043473/20221220_Ec_01_RZ_SBP_Exp9.raw	v1.1.0	NT=ms-proteomics;VV=v1.1.0	NT=single-cell;VV=v1.0.0
Run9_cell3	Escherichia coli	Cell lysate	Escherichia coli BL21(DE3)	not applicable	Prokaryotic cell	single cell	FACS	Run9_cell3	1	68	LB medium, then Terrific Broth	37°C	run 9	Proteomic profiling by mass spectrometry	1	Exp9	NT=Data-dependent acquisition;AC=PRIDE:0000627	20221220_Ec_09_RZ_SBP_Exp9.raw	1	Label free sample	not available	not available	Orbitrap Eclipse	NT=Trypsin;AC=1001251	0.05 Da	10 ppm	NT=TMT6plex;AC=737;CF=H(20) C(8) 13C(4) N 15N O(2);MM=229.162932;MT=Variable;PP=Anywhere;TA=['K']	NT=HCD; AC=MS:1002481	35% NCE	Not available	https://ftp.pride.ebi.ac.uk/pride/data/archive/2023/10/PXD043473/20221220_Ec_01_RZ_SBP_Exp9.raw	v1.1.0	NT=ms-proteomics;VV=v1.1.0	NT=single-cell;VV=v1.0.0
Run9_cell4_and_5	Escherichia coli	Cell lysate	Escherichia coli BL21(DE3)	not applicable	Prokaryotic cell	pooled	FACS	Run9_cell4_and_5	2	69	LB medium, then Terrific Broth	37°C	run 9	Proteomic profiling by mass spectrometry	1	Exp9	NT=Data-dependent acquisition;AC=PRIDE:0000627	20221220_Ec_09_RZ_SBP_Exp9.raw	1	Label free sample	not available	not available	Orbitrap Eclipse	NT=Trypsin;AC=1001251	0.05 Da	10 ppm	NT=TMT6plex;AC=737;CF=H(20) C(8) 13C(4) N 15N O(2);MM=229.162932;MT=Variable;PP=Anywhere;TA=['K']	NT=HCD; AC=MS:1002481	35% NCE	Not available	https://ftp.pride.ebi.ac.uk/pride/data/archive/2023/10/PXD043473/20221220_Ec_01_RZ_SBP_Exp9.raw	v1.1.0	NT=ms-proteomics;VV=v1.1.0	NT=single-cell;VV=v1.0.0
Run9_cell6_and_7	Escherichia coli	Cell lysate	Escherichia coli BL21(DE3)	not applicable	Prokaryotic cell	pooled	FACS	Run9_cell6_and_7	2	70	LB medium, then Terrific Broth	37°C	run 9	Proteomic profiling by mass spectrometry	1	Exp9	NT=Data-dependent acquisition;AC=PRIDE:0000627	20221220_Ec_09_RZ_SBP_Exp9.raw	1	Label free sample	not available	not available	Orbitrap Eclipse	NT=Trypsin;AC=1001251	0.05 Da	10 ppm	NT=TMT6plex;AC=737;CF=H(20) C(8) 13C(4) N 15N O(2);MM=229.162932;MT=Variable;PP=Anywhere;TA=['K']	NT=HCD; AC=MS:1002481	35% NCE	Not available	https://ftp.pride.ebi.ac.uk/pride/data/archive/2023/10/PXD043473/20221220_Ec_01_RZ_SBP_Exp9.raw	v1.1.0	NT=ms-proteomics;VV=v1.1.0	NT=single-cell;VV=v1.0.0
Run9_cell8_and_9	Escherichia coli	Cell lysate	Escherichia coli BL21(DE3)	not applicable	Prokaryotic cell	pooled	FACS	Run9_cell8_and_9	2	71	LB medium, then Terrific Broth	37°C	run 9	Proteomic profiling by mass spectrometry	1	Exp9	NT=Data-dependent acquisition;AC=PRIDE:0000627	20221220_Ec_09_RZ_SBP_Exp9.raw	1	Label free sample	not available	not available	Orbitrap Eclipse	NT=Trypsin;AC=1001251	0.05 Da	10 ppm	NT=TMT6plex;AC=737;CF=H(20) C(8) 13C(4) N 15N O(2);MM=229.162932;MT=Variable;PP=Anywhere;TA=['K']	NT=HCD; AC=MS:1002481	35% NCE	Not available	https://ftp.pride.ebi.ac.uk/pride/data/archive/2023/10/PXD043473/20221220_Ec_01_RZ_SBP_Exp9.raw	v1.1.0	NT=ms-proteomics;VV=v1.1.0	NT=single-cell;VV=v1.0.0
Run9_carrier_cells_1	Escherichia coli	Cell lysate	Escherichia coli BL21(DE3)	not applicable	Prokaryotic cell	carrier	FACS	carrier	250	72	LB medium, then Terrific Broth	37°C	run 9	Proteomic profiling by mass spectrometry	1	Exp9	NT=Data-dependent acquisition;AC=PRIDE:0000627	20221220_Ec_09_RZ_SBP_Exp9.raw	1	Label free sample	not available	not available	Orbitrap Eclipse	NT=Trypsin;AC=1001251	0.05 Da	10 ppm	NT=TMT6plex;AC=737;CF=H(20) C(8) 13C(4) N 15N O(2);MM=229.162932;MT=Variable;PP=Anywhere;TA=['K']	NT=HCD; AC=MS:1002481	35% NCE	Not available	https://ftp.pride.ebi.ac.uk/pride/data/archive/2023/10/PXD043473/20221220_Ec_01_RZ_SBP_Exp9.raw	v1.1.0	NT=ms-proteomics;VV=v1.1.0	NT=single-cell;VV=v1.0.0
Run9_carrier_cells_2	Escherichia coli	Cell lysate	Escherichia coli BL21(DE3)	not applicable	Prokaryotic cell	carrier	FACS	carrier	250	73	LB medium, then Terrific Broth	37°C	run 9	Proteomic profiling by mass spectrometry	1	Exp9	NT=Data-dependent acquisition;AC=PRIDE:0000627	20221220_Ec_09_RZ_SBP_Exp9.raw	1	Label free sample	not available	not available	Orbitrap Eclipse	NT=Trypsin;AC=1001251	0.05 Da	10 ppm	NT=TMT6plex;AC=737;CF=H(20) C(8) 13C(4) N 15N O(2);MM=229.162932;MT=Variable;PP=Anywhere;TA=['K']	NT=HCD; AC=MS:1002481	35% NCE	Not available	https://ftp.pride.ebi.ac.uk/pride/data/archive/2023/10/PXD043473/20221220_Ec_01_RZ_SBP_Exp9.raw	v1.1.0	NT=ms-proteomics;VV=v1.1.0	NT=single-cell;VV=v1.0.0
Run10_cell1	Escherichia coli	Cell lysate	Escherichia coli BL21(DE3)	not applicable	Prokaryotic cell	single cell	FACS	Run10_cell1	1	74	LB medium, then Terrific Broth	37°C	run 10	Proteomic profiling by mass spectrometry	1	Exp10	NT=Data-dependent acquisition;AC=PRIDE:0000627	20221220_Ec_10_RZ_SBP_Exp10.raw	1	Label free sample	not available	not available	Orbitrap Eclipse	NT=Trypsin;AC=1001251	0.05 Da	10 ppm	NT=TMT6plex;AC=737;CF=H(20) C(8) 13C(4) N 15N O(2);MM=229.162932;MT=Variable;PP=Anywhere;TA=['K']	NT=HCD; AC=MS:1002481	35% NCE	Not available	https://ftp.pride.ebi.ac.uk/pride/data/archive/2023/10/PXD043473/20221220_Ec_01_RZ_SBP_Exp10.raw	v1.1.0	NT=ms-proteomics;VV=v1.1.0	NT=single-cell;VV=v1.0.0
Run10_cell2	Escherichia coli	Cell lysate	Escherichia coli BL21(DE3)	not applicable	Prokaryotic cell	single cell	FACS	Run10_cell2	1	75	LB medium, then Terrific Broth	37°C	run 10	Proteomic profiling by mass spectrometry	1	Exp10	NT=Data-dependent acquisition;AC=PRIDE:0000627	20221220_Ec_10_RZ_SBP_Exp10.raw	1	Label free sample	not available	not available	Orbitrap Eclipse	NT=Trypsin;AC=1001251	0.05 Da	10 ppm	NT=TMT6plex;AC=737;CF=H(20) C(8) 13C(4) N 15N O(2);MM=229.162932;MT=Variable;PP=Anywhere;TA=['K']	NT=HCD; AC=MS:1002481	35% NCE	Not available	https://ftp.pride.ebi.ac.uk/pride/data/archive/2023/10/PXD043473/20221220_Ec_01_RZ_SBP_Exp10.raw	v1.1.0	NT=ms-proteomics;VV=v1.1.0	NT=single-cell;VV=v1.0.0
Run10_cell3	Escherichia coli	Cell lysate	Escherichia coli BL21(DE3)	not applicable	Prokaryotic cell	single cell	FACS	Run10_cell3	1	76	LB medium, then Terrific Broth	37°C	run 10	Proteomic profiling by mass spectrometry	1	Exp10	NT=Data-dependent acquisition;AC=PRIDE:0000627	20221220_Ec_10_RZ_SBP_Exp10.raw	1	Label free sample	not available	not available	Orbitrap Eclipse	NT=Trypsin;AC=1001251	0.05 Da	10 ppm	NT=TMT6plex;AC=737;CF=H(20) C(8) 13C(4) N 15N O(2);MM=229.162932;MT=Variable;PP=Anywhere;TA=['K']	NT=HCD; AC=MS:1002481	35% NCE	Not available	https://ftp.pride.ebi.ac.uk/pride/data/archive/2023/10/PXD043473/20221220_Ec_01_RZ_SBP_Exp10.raw	v1.1.0	NT=ms-proteomics;VV=v1.1.0	NT=single-cell;VV=v1.0.0
Run10_cell4_and_5	Escherichia coli	Cell lysate	Escherichia coli BL21(DE3)	not applicable	Prokaryotic cell	pooled	FACS	Run10_cell4_and_5	2	77	LB medium, then Terrific Broth	37°C	run 10	Proteomic profiling by mass spectrometry	1	Exp10	NT=Data-dependent acquisition;AC=PRIDE:0000627	20221220_Ec_10_RZ_SBP_Exp10.raw	1	Label free sample	not available	not available	Orbitrap Eclipse	NT=Trypsin;AC=1001251	0.05 Da	10 ppm	NT=TMT6plex;AC=737;CF=H(20) C(8) 13C(4) N 15N O(2);MM=229.162932;MT=Variable;PP=Anywhere;TA=['K']	NT=HCD; AC=MS:1002481	35% NCE	Not available	https://ftp.pride.ebi.ac.uk/pride/data/archive/2023/10/PXD043473/20221220_Ec_01_RZ_SBP_Exp10.raw	v1.1.0	NT=ms-proteomics;VV=v1.1.0	NT=single-cell;VV=v1.0.0
Run10_cell6_and_7	Escherichia coli	Cell lysate	Escherichia coli BL21(DE3)	not applicable	Prokaryotic cell	pooled	FACS	Run10_cell6_and_7	2	78	LB medium, then Terrific Broth	37°C	run 10	Proteomic profiling by mass spectrometry	1	Exp10	NT=Data-dependent acquisition;AC=PRIDE:0000627	20221220_Ec_10_RZ_SBP_Exp10.raw	1	Label free sample	not available	not available	Orbitrap Eclipse	NT=Trypsin;AC=1001251	0.05 Da	10 ppm	NT=TMT6plex;AC=737;CF=H(20) C(8) 13C(4) N 15N O(2);MM=229.162932;MT=Variable;PP=Anywhere;TA=['K']	NT=HCD; AC=MS:1002481	35% NCE	Not available	https://ftp.pride.ebi.ac.uk/pride/data/archive/2023/10/PXD043473/20221220_Ec_01_RZ_SBP_Exp10.raw	v1.1.0	NT=ms-proteomics;VV=v1.1.0	NT=single-cell;VV=v1.0.0
Run10_cell8_and_9	Escherichia coli	Cell lysate	Escherichia coli BL21(DE3)	not applicable	Prokaryotic cell	pooled	FACS	Run10_cell8_and_9	2	79	LB medium, then Terrific Broth	37°C	run 10	Proteomic profiling by mass spectrometry	1	Exp10	NT=Data-dependent acquisition;AC=PRIDE:0000627	20221220_Ec_10_RZ_SBP_Exp10.raw	1	Label free sample	not available	not available	Orbitrap Eclipse	NT=Trypsin;AC=1001251	0.05 Da	10 ppm	NT=TMT6plex;AC=737;CF=H(20) C(8) 13C(4) N 15N O(2);MM=229.162932;MT=Variable;PP=Anywhere;TA=['K']	NT=HCD; AC=MS:1002481	35% NCE	Not available	https://ftp.pride.ebi.ac.uk/pride/data/archive/2023/10/PXD043473/20221220_Ec_01_RZ_SBP_Exp10.raw	v1.1.0	NT=ms-proteomics;VV=v1.1.0	NT=single-cell;VV=v1.0.0
Run10_carrier_cells_1	Escherichia coli	Cell lysate	Escherichia coli BL21(DE3)	not applicable	Prokaryotic cell	carrier	FACS	carrier	250	80	LB medium, then Terrific Broth	37°C	run 10	Proteomic profiling by mass spectrometry	1	Exp10	NT=Data-dependent acquisition;AC=PRIDE:0000627	20221220_Ec_10_RZ_SBP_Exp10.raw	1	Label free sample	not available	not available	Orbitrap Eclipse	NT=Trypsin;AC=1001251	0.05 Da	10 ppm	NT=TMT6plex;AC=737;CF=H(20) C(8) 13C(4) N 15N O(2);MM=229.162932;MT=Variable;PP=Anywhere;TA=['K']	NT=HCD; AC=MS:1002481	35% NCE	Not available	https://ftp.pride.ebi.ac.uk/pride/data/archive/2023/10/PXD043473/20221220_Ec_01_RZ_SBP_Exp10.raw	v1.1.0	NT=ms-proteomics;VV=v1.1.0	NT=single-cell;VV=v1.0.0
Run10_carrier_cells_2	Escherichia coli	Cell lysate	Escherichia coli BL21(DE3)	not applicable	Prokaryotic cell	carrier	FACS	carrier	250	81	LB medium, then Terrific Broth	37°C	run 10	Proteomic profiling by mass spectrometry	1	Exp10	NT=Data-dependent acquisition;AC=PRIDE:0000627	20221220_Ec_10_RZ_SBP_Exp10.raw	1	Label free sample	not available	not available	Orbitrap Eclipse	NT=Trypsin;AC=1001251	0.05 Da	10 ppm	NT=TMT6plex;AC=737;CF=H(20) C(8) 13C(4) N 15N O(2);MM=229.162932;MT=Variable;PP=Anywhere;TA=['K']	NT=HCD; AC=MS:1002481	35% NCE	Not available	https://ftp.pride.ebi.ac.uk/pride/data/archive/2023/10/PXD043473/20221220_Ec_01_RZ_SBP_Exp10.raw	v1.1.0	NT=ms-proteomics;VV=v1.1.0	NT=single-cell;VV=v1.0.0
Run11_cell1	Escherichia coli	Cell lysate	Escherichia coli BL21(DE3)	not applicable	Prokaryotic cell	single cell	FACS	Run11_cell1	1	82	LB medium, then Terrific Broth	37°C	run 11	Proteomic profiling by mass spectrometry	1	Exp11	NT=Data-dependent acquisition;AC=PRIDE:0000627	20221220_Ec_11_RZ_SBP_Exp11.raw	1	Label free sample	not available	not available	Orbitrap Eclipse	NT=Trypsin;AC=1001251	0.05 Da	10 ppm	NT=TMT6plex;AC=737;CF=H(20) C(8) 13C(4) N 15N O(2);MM=229.162932;MT=Variable;PP=Anywhere;TA=['K']	NT=HCD; AC=MS:1002481	35% NCE	Not available	https://ftp.pride.ebi.ac.uk/pride/data/archive/2023/10/PXD043473/20221220_Ec_01_RZ_SBP_Exp11.raw	v1.1.0	NT=ms-proteomics;VV=v1.1.0	NT=single-cell;VV=v1.0.0
Run11_cell2	Escherichia coli	Cell lysate	Escherichia coli BL21(DE3)	not applicable	Prokaryotic cell	single cell	FACS	Run11_cell2	1	83	LB medium, then Terrific Broth	37°C	run 11	Proteomic profiling by mass spectrometry	1	Exp11	NT=Data-dependent acquisition;AC=PRIDE:0000627	20221220_Ec_11_RZ_SBP_Exp11.raw	1	Label free sample	not available	not available	Orbitrap Eclipse	NT=Trypsin;AC=1001251	0.05 Da	10 ppm	NT=TMT6plex;AC=737;CF=H(20) C(8) 13C(4) N 15N O(2);MM=229.162932;MT=Variable;PP=Anywhere;TA=['K']	NT=HCD; AC=MS:1002481	35% NCE	Not available	https://ftp.pride.ebi.ac.uk/pride/data/archive/2023/10/PXD043473/20221220_Ec_01_RZ_SBP_Exp11.raw	v1.1.0	NT=ms-proteomics;VV=v1.1.0	NT=single-cell;VV=v1.0.0
Run11_cell3	Escherichia coli	Cell lysate	Escherichia coli BL21(DE3)	not applicable	Prokaryotic cell	single cell	FACS	Run11_cell3	1	84	LB medium, then Terrific Broth	37°C	run 11	Proteomic profiling by mass spectrometry	1	Exp11	NT=Data-dependent acquisition;AC=PRIDE:0000627	20221220_Ec_11_RZ_SBP_Exp11.raw	1	Label free sample	not available	not available	Orbitrap Eclipse	NT=Trypsin;AC=1001251	0.05 Da	10 ppm	NT=TMT6plex;AC=737;CF=H(20) C(8) 13C(4) N 15N O(2);MM=229.162932;MT=Variable;PP=Anywhere;TA=['K']	NT=HCD; AC=MS:1002481	35% NCE	Not available	https://ftp.pride.ebi.ac.uk/pride/data/archive/2023/10/PXD043473/20221220_Ec_01_RZ_SBP_Exp11.raw	v1.1.0	NT=ms-proteomics;VV=v1.1.0	NT=single-cell;VV=v1.0.0
Run11_cell4_and_5	Escherichia coli	Cell lysate	Escherichia coli BL21(DE3)	not applicable	Prokaryotic cell	pooled	FACS	Run11_cell4_and_5	2	85	LB medium, then Terrific Broth	37°C	run 11	Proteomic profiling by mass spectrometry	1	Exp11	NT=Data-dependent acquisition;AC=PRIDE:0000627	20221220_Ec_11_RZ_SBP_Exp11.raw	1	Label free sample	not available	not available	Orbitrap Eclipse	NT=Trypsin;AC=1001251	0.05 Da	10 ppm	NT=TMT6plex;AC=737;CF=H(20) C(8) 13C(4) N 15N O(2);MM=229.162932;MT=Variable;PP=Anywhere;TA=['K']	NT=HCD; AC=MS:1002481	35% NCE	Not available	https://ftp.pride.ebi.ac.uk/pride/data/archive/2023/10/PXD043473/20221220_Ec_01_RZ_SBP_Exp11.raw	v1.1.0	NT=ms-proteomics;VV=v1.1.0	NT=single-cell;VV=v1.0.0
Run11_cell6_and_7	Escherichia coli	Cell lysate	Escherichia coli BL21(DE3)	not applicable	Prokaryotic cell	pooled	FACS	Run11_cell6_and_7	2	86	LB medium, then Terrific Broth	37°C	run 11	Proteomic profiling by mass spectrometry	1	Exp11	NT=Data-dependent acquisition;AC=PRIDE:0000627	20221220_Ec_11_RZ_SBP_Exp11.raw	1	Label free sample	not available	not available	Orbitrap Eclipse	NT=Trypsin;AC=1001251	0.05 Da	10 ppm	NT=TMT6plex;AC=737;CF=H(20) C(8) 13C(4) N 15N O(2);MM=229.162932;MT=Variable;PP=Anywhere;TA=['K']	NT=HCD; AC=MS:1002481	35% NCE	Not available	https://ftp.pride.ebi.ac.uk/pride/data/archive/2023/10/PXD043473/20221220_Ec_01_RZ_SBP_Exp11.raw	v1.1.0	NT=ms-proteomics;VV=v1.1.0	NT=single-cell;VV=v1.0.0
Run11_cell8_and_9	Escherichia coli	Cell lysate	Escherichia coli BL21(DE3)	not applicable	Prokaryotic cell	pooled	FACS	Run11_cell8_and_9	2	87	LB medium, then Terrific Broth	37°C	run 11	Proteomic profiling by mass spectrometry	1	Exp11	NT=Data-dependent acquisition;AC=PRIDE:0000627	20221220_Ec_11_RZ_SBP_Exp11.raw	1	Label free sample	not available	not available	Orbitrap Eclipse	NT=Trypsin;AC=1001251	0.05 Da	10 ppm	NT=TMT6plex;AC=737;CF=H(20) C(8) 13C(4) N 15N O(2);MM=229.162932;MT=Variable;PP=Anywhere;TA=['K']	NT=HCD; AC=MS:1002481	35% NCE	Not available	https://ftp.pride.ebi.ac.uk/pride/data/archive/2023/10/PXD043473/20221220_Ec_01_RZ_SBP_Exp11.raw	v1.1.0	NT=ms-proteomics;VV=v1.1.0	NT=single-cell;VV=v1.0.0
Run11_carrier_cells_1	Escherichia coli	Cell lysate	Escherichia coli BL21(DE3)	not applicable	Prokaryotic cell	carrier	FACS	carrier	250	88	LB medium, then Terrific Broth	37°C	run 11	Proteomic profiling by mass spectrometry	1	Exp11	NT=Data-dependent acquisition;AC=PRIDE:0000627	20221220_Ec_11_RZ_SBP_Exp11.raw	1	Label free sample	not available	not available	Orbitrap Eclipse	NT=Trypsin;AC=1001251	0.05 Da	10 ppm	NT=TMT6plex;AC=737;CF=H(20) C(8) 13C(4) N 15N O(2);MM=229.162932;MT=Variable;PP=Anywhere;TA=['K']	NT=HCD; AC=MS:1002481	35% NCE	Not available	https://ftp.pride.ebi.ac.uk/pride/data/archive/2023/10/PXD043473/20221220_Ec_01_RZ_SBP_Exp11.raw	v1.1.0	NT=ms-proteomics;VV=v1.1.0	NT=single-cell;VV=v1.0.0
Run11_carrier_cells_2	Escherichia coli	Cell lysate	Escherichia coli BL21(DE3)	not applicable	Prokaryotic cell	carrier	FACS	carrier	250	89	LB medium, then Terrific Broth	37°C	run 11	Proteomic profiling by mass spectrometry	1	Exp11	NT=Data-dependent acquisition;AC=PRIDE:0000627	20221220_Ec_11_RZ_SBP_Exp11.raw	1	Label free sample	not available	not available	Orbitrap Eclipse	NT=Trypsin;AC=1001251	0.05 Da	10 ppm	NT=TMT6plex;AC=737;CF=H(20) C(8) 13C(4) N 15N O(2);MM=229.162932;MT=Variable;PP=Anywhere;TA=['K']	NT=HCD; AC=MS:1002481	35% NCE	Not available	https://ftp.pride.ebi.ac.uk/pride/data/archive/2023/10/PXD043473/20221220_Ec_01_RZ_SBP_Exp11.raw	v1.1.0	NT=ms-proteomics;VV=v1.1.0	NT=single-cell;VV=v1.0.0
Run12_cell1	Escherichia coli	Cell lysate	Escherichia coli BL21(DE3)	not applicable	Prokaryotic cell	single cell	FACS	Run12_cell1	1	90	LB medium, then Terrific Broth	37°C	run 12	Proteomic profiling by mass spectrometry	1	Exp12	NT=Data-dependent acquisition;AC=PRIDE:0000627	20221220_Ec_12_RZ_SBP_Exp12.raw	1	Label free sample	not available	not available	Orbitrap Eclipse	NT=Trypsin;AC=1001251	0.05 Da	10 ppm	NT=TMT6plex;AC=737;CF=H(20) C(8) 13C(4) N 15N O(2);MM=229.162932;MT=Variable;PP=Anywhere;TA=['K']	NT=HCD; AC=MS:1002481	35% NCE	Not available	https://ftp.pride.ebi.ac.uk/pride/data/archive/2023/10/PXD043473/20221220_Ec_01_RZ_SBP_Exp12.raw	v1.1.0	NT=ms-proteomics;VV=v1.1.0	NT=single-cell;VV=v1.0.0
Run12_cell2	Escherichia coli	Cell lysate	Escherichia coli BL21(DE3)	not applicable	Prokaryotic cell	single cell	FACS	Run12_cell2	1	91	LB medium, then Terrific Broth	37°C	run 12	Proteomic profiling by mass spectrometry	1	Exp12	NT=Data-dependent acquisition;AC=PRIDE:0000627	20221220_Ec_12_RZ_SBP_Exp12.raw	1	Label free sample	not available	not available	Orbitrap Eclipse	NT=Trypsin;AC=1001251	0.05 Da	10 ppm	NT=TMT6plex;AC=737;CF=H(20) C(8) 13C(4) N 15N O(2);MM=229.162932;MT=Variable;PP=Anywhere;TA=['K']	NT=HCD; AC=MS:1002481	35% NCE	Not available	https://ftp.pride.ebi.ac.uk/pride/data/archive/2023/10/PXD043473/20221220_Ec_01_RZ_SBP_Exp12.raw	v1.1.0	NT=ms-proteomics;VV=v1.1.0	NT=single-cell;VV=v1.0.0
Run12_cell3	Escherichia coli	Cell lysate	Escherichia coli BL21(DE3)	not applicable	Prokaryotic cell	single cell	FACS	Run12_cell3	1	92	LB medium, then Terrific Broth	37°C	run 12	Proteomic profiling by mass spectrometry	1	Exp12	NT=Data-dependent acquisition;AC=PRIDE:0000627	20221220_Ec_12_RZ_SBP_Exp12.raw	1	Label free sample	not available	not available	Orbitrap Eclipse	NT=Trypsin;AC=1001251	0.05 Da	10 ppm	NT=TMT6plex;AC=737;CF=H(20) C(8) 13C(4) N 15N O(2);MM=229.162932;MT=Variable;PP=Anywhere;TA=['K']	NT=HCD; AC=MS:1002481	35% NCE	Not available	https://ftp.pride.ebi.ac.uk/pride/data/archive/2023/10/PXD043473/20221220_Ec_01_RZ_SBP_Exp12.raw	v1.1.0	NT=ms-proteomics;VV=v1.1.0	NT=single-cell;VV=v1.0.0
Run12_cell4_and_5	Escherichia coli	Cell lysate	Escherichia coli BL21(DE3)	not applicable	Prokaryotic cell	pooled	FACS	Run12_cell4_and_5	2	93	LB medium, then Terrific Broth	37°C	run 12	Proteomic profiling by mass spectrometry	1	Exp12	NT=Data-dependent acquisition;AC=PRIDE:0000627	20221220_Ec_12_RZ_SBP_Exp12.raw	1	Label free sample	not available	not available	Orbitrap Eclipse	NT=Trypsin;AC=1001251	0.05 Da	10 ppm	NT=TMT6plex;AC=737;CF=H(20) C(8) 13C(4) N 15N O(2);MM=229.162932;MT=Variable;PP=Anywhere;TA=['K']	NT=HCD; AC=MS:1002481	35% NCE	Not available	https://ftp.pride.ebi.ac.uk/pride/data/archive/2023/10/PXD043473/20221220_Ec_01_RZ_SBP_Exp12.raw	v1.1.0	NT=ms-proteomics;VV=v1.1.0	NT=single-cell;VV=v1.0.0
Run12_cell6_and_7	Escherichia coli	Cell lysate	Escherichia coli BL21(DE3)	not applicable	Prokaryotic cell	pooled	FACS	Run12_cell6_and_7	2	94	LB medium, then Terrific Broth	37°C	run 12	Proteomic profiling by mass spectrometry	1	Exp12	NT=Data-dependent acquisition;AC=PRIDE:0000627	20221220_Ec_12_RZ_SBP_Exp12.raw	1	Label free sample	not available	not available	Orbitrap Eclipse	NT=Trypsin;AC=1001251	0.05 Da	10 ppm	NT=TMT6plex;AC=737;CF=H(20) C(8) 13C(4) N 15N O(2);MM=229.162932;MT=Variable;PP=Anywhere;TA=['K']	NT=HCD; AC=MS:1002481	35% NCE	Not available	https://ftp.pride.ebi.ac.uk/pride/data/archive/2023/10/PXD043473/20221220_Ec_01_RZ_SBP_Exp12.raw	v1.1.0	NT=ms-proteomics;VV=v1.1.0	NT=single-cell;VV=v1.0.0
Run12_cell8_and_9	Escherichia coli	Cell lysate	Escherichia coli BL21(DE3)	not applicable	Prokaryotic cell	pooled	FACS	Run12_cell8_and_9	2	95	LB medium, then Terrific Broth	37°C	run 12	Proteomic profiling by mass spectrometry	1	Exp12	NT=Data-dependent acquisition;AC=PRIDE:0000627	20221220_Ec_12_RZ_SBP_Exp12.raw	1	Label free sample	not available	not available	Orbitrap Eclipse	NT=Trypsin;AC=1001251	0.05 Da	10 ppm	NT=TMT6plex;AC=737;CF=H(20) C(8) 13C(4) N 15N O(2);MM=229.162932;MT=Variable;PP=Anywhere;TA=['K']	NT=HCD; AC=MS:1002481	35% NCE	Not available	https://ftp.pride.ebi.ac.uk/pride/data/archive/2023/10/PXD043473/20221220_Ec_01_RZ_SBP_Exp12.raw	v1.1.0	NT=ms-proteomics;VV=v1.1.0	NT=single-cell;VV=v1.0.0
Run12_carrier_cells_1	Escherichia coli	Cell lysate	Escherichia coli BL21(DE3)	not applicable	Prokaryotic cell	carrier	FACS	carrier	250	96	LB medium, then Terrific Broth	37°C	run 12	Proteomic profiling by mass spectrometry	1	Exp12	NT=Data-dependent acquisition;AC=PRIDE:0000627	20221220_Ec_12_RZ_SBP_Exp12.raw	1	Label free sample	not available	not available	Orbitrap Eclipse	NT=Trypsin;AC=1001251	0.05 Da	10 ppm	NT=TMT6plex;AC=737;CF=H(20) C(8) 13C(4) N 15N O(2);MM=229.162932;MT=Variable;PP=Anywhere;TA=['K']	NT=HCD; AC=MS:1002481	35% NCE	Not available	https://ftp.pride.ebi.ac.uk/pride/data/archive/2023/10/PXD043473/20221220_Ec_01_RZ_SBP_Exp12.raw	v1.1.0	NT=ms-proteomics;VV=v1.1.0	NT=single-cell;VV=v1.0.0
Run12_carrier_cells_2	Escherichia coli	Cell lysate	Escherichia coli BL21(DE3)	not applicable	Prokaryotic cell	carrier	FACS	carrier	250	97	LB medium, then Terrific Broth	37°C	run 12	Proteomic profiling by mass spectrometry	1	Exp12	NT=Data-dependent acquisition;AC=PRIDE:0000627	20221220_Ec_12_RZ_SBP_Exp12.raw	1	Label free sample	not available	not available	Orbitrap Eclipse	NT=Trypsin;AC=1001251	0.05 Da	10 ppm	NT=TMT6plex;AC=737;CF=H(20) C(8) 13C(4) N 15N O(2);MM=229.162932;MT=Variable;PP=Anywhere;TA=['K']	NT=HCD; AC=MS:1002481	35% NCE	Not available	https://ftp.pride.ebi.ac.uk/pride/data/archive/2023/10/PXD043473/20221220_Ec_01_RZ_SBP_Exp12.raw	v1.1.0	NT=ms-proteomics;VV=v1.1.0	NT=single-cell;VV=v1.0.0
Run13_cell1	Escherichia coli	Cell lysate	Escherichia coli BL21(DE3)	not applicable	Prokaryotic cell	single cell	FACS	Run13_cell1	1	98	LB medium, then Terrific Broth	37°C	run 13	Proteomic profiling by mass spectrometry	1	Exp13	NT=Data-dependent acquisition;AC=PRIDE:0000627	20221220_Ec_13_RZ_SBP_Exp13.raw	1	Label free sample	not available	not available	Orbitrap Eclipse	NT=Trypsin;AC=1001251	0.05 Da	10 ppm	NT=TMT6plex;AC=737;CF=H(20) C(8) 13C(4) N 15N O(2);MM=229.162932;MT=Variable;PP=Anywhere;TA=['K']	NT=HCD; AC=MS:1002481	35% NCE	Not available	https://ftp.pride.ebi.ac.uk/pride/data/archive/2023/10/PXD043473/20221220_Ec_01_RZ_SBP_Exp13.raw	v1.1.0	NT=ms-proteomics;VV=v1.1.0	NT=single-cell;VV=v1.0.0
Run13_cell2	Escherichia coli	Cell lysate	Escherichia coli BL21(DE3)	not applicable	Prokaryotic cell	single cell	FACS	Run13_cell2	1	99	LB medium, then Terrific Broth	37°C	run 13	Proteomic profiling by mass spectrometry	1	Exp13	NT=Data-dependent acquisition;AC=PRIDE:0000627	20221220_Ec_13_RZ_SBP_Exp13.raw	1	Label free sample	not available	not available	Orbitrap Eclipse	NT=Trypsin;AC=1001251	0.05 Da	10 ppm	NT=TMT6plex;AC=737;CF=H(20) C(8) 13C(4) N 15N O(2);MM=229.162932;MT=Variable;PP=Anywhere;TA=['K']	NT=HCD; AC=MS:1002481	35% NCE	Not available	https://ftp.pride.ebi.ac.uk/pride/data/archive/2023/10/PXD043473/20221220_Ec_01_RZ_SBP_Exp13.raw	v1.1.0	NT=ms-proteomics;VV=v1.1.0	NT=single-cell;VV=v1.0.0
Run13_cell3	Escherichia coli	Cell lysate	Escherichia coli BL21(DE3)	not applicable	Prokaryotic cell	single cell	FACS	Run13_cell3	1	100	LB medium, then Terrific Broth	37°C	run 13	Proteomic profiling by mass spectrometry	1	Exp13	NT=Data-dependent acquisition;AC=PRIDE:0000627	20221220_Ec_13_RZ_SBP_Exp13.raw	1	Label free sample	not available	not available	Orbitrap Eclipse	NT=Trypsin;AC=1001251	0.05 Da	10 ppm	NT=TMT6plex;AC=737;CF=H(20) C(8) 13C(4) N 15N O(2);MM=229.162932;MT=Variable;PP=Anywhere;TA=['K']	NT=HCD; AC=MS:1002481	35% NCE	Not available	https://ftp.pride.ebi.ac.uk/pride/data/archive/2023/10/PXD043473/20221220_Ec_01_RZ_SBP_Exp13.raw	v1.1.0	NT=ms-proteomics;VV=v1.1.0	NT=single-cell;VV=v1.0.0
Run13_cell4_and_5	Escherichia coli	Cell lysate	Escherichia coli BL21(DE3)	not applicable	Prokaryotic cell	pooled	FACS	Run13_cell4_and_5	2	101	LB medium, then Terrific Broth	37°C	run 13	Proteomic profiling by mass spectrometry	1	Exp13	NT=Data-dependent acquisition;AC=PRIDE:0000627	20221220_Ec_13_RZ_SBP_Exp13.raw	1	Label free sample	not available	not available	Orbitrap Eclipse	NT=Trypsin;AC=1001251	0.05 Da	10 ppm	NT=TMT6plex;AC=737;CF=H(20) C(8) 13C(4) N 15N O(2);MM=229.162932;MT=Variable;PP=Anywhere;TA=['K']	NT=HCD; AC=MS:1002481	35% NCE	Not available	https://ftp.pride.ebi.ac.uk/pride/data/archive/2023/10/PXD043473/20221220_Ec_01_RZ_SBP_Exp13.raw	v1.1.0	NT=ms-proteomics;VV=v1.1.0	NT=single-cell;VV=v1.0.0
Run13_cell6_and_7	Escherichia coli	Cell lysate	Escherichia coli BL21(DE3)	not applicable	Prokaryotic cell	pooled	FACS	Run13_cell6_and_7	2	102	LB medium, then Terrific Broth	37°C	run 13	Proteomic profiling by mass spectrometry	1	Exp13	NT=Data-dependent acquisition;AC=PRIDE:0000627	20221220_Ec_13_RZ_SBP_Exp13.raw	1	Label free sample	not available	not available	Orbitrap Eclipse	NT=Trypsin;AC=1001251	0.05 Da	10 ppm	NT=TMT6plex;AC=737;CF=H(20) C(8) 13C(4) N 15N O(2);MM=229.162932;MT=Variable;PP=Anywhere;TA=['K']	NT=HCD; AC=MS:1002481	35% NCE	Not available	https://ftp.pride.ebi.ac.uk/pride/data/archive/2023/10/PXD043473/20221220_Ec_01_RZ_SBP_Exp13.raw	v1.1.0	NT=ms-proteomics;VV=v1.1.0	NT=single-cell;VV=v1.0.0
Run13_cell8_and_9	Escherichia coli	Cell lysate	Escherichia coli BL21(DE3)	not applicable	Prokaryotic cell	pooled	FACS	Run13_cell8_and_9	2	103	LB medium, then Terrific Broth	37°C	run 13	Proteomic profiling by mass spectrometry	1	Exp13	NT=Data-dependent acquisition;AC=PRIDE:0000627	20221220_Ec_13_RZ_SBP_Exp13.raw	1	Label free sample	not available	not available	Orbitrap Eclipse	NT=Trypsin;AC=1001251	0.05 Da	10 ppm	NT=TMT6plex;AC=737;CF=H(20) C(8) 13C(4) N 15N O(2);MM=229.162932;MT=Variable;PP=Anywhere;TA=['K']	NT=HCD; AC=MS:1002481	35% NCE	Not available	https://ftp.pride.ebi.ac.uk/pride/data/archive/2023/10/PXD043473/20221220_Ec_01_RZ_SBP_Exp13.raw	v1.1.0	NT=ms-proteomics;VV=v1.1.0	NT=single-cell;VV=v1.0.0
Run13_carrier_cells_1	Escherichia coli	Cell lysate	Escherichia coli BL21(DE3)	not applicable	Prokaryotic cell	carrier	FACS	carrier	250	104	LB medium, then Terrific Broth	37°C	run 13	Proteomic profiling by mass spectrometry	1	Exp13	NT=Data-dependent acquisition;AC=PRIDE:0000627	20221220_Ec_13_RZ_SBP_Exp13.raw	1	Label free sample	not available	not available	Orbitrap Eclipse	NT=Trypsin;AC=1001251	0.05 Da	10 ppm	NT=TMT6plex;AC=737;CF=H(20) C(8) 13C(4) N 15N O(2);MM=229.162932;MT=Variable;PP=Anywhere;TA=['K']	NT=HCD; AC=MS:1002481	35% NCE	Not available	https://ftp.pride.ebi.ac.uk/pride/data/archive/2023/10/PXD043473/20221220_Ec_01_RZ_SBP_Exp13.raw	v1.1.0	NT=ms-proteomics;VV=v1.1.0	NT=single-cell;VV=v1.0.0
Run13_carrier_cells_2	Escherichia coli	Cell lysate	Escherichia coli BL21(DE3)	not applicable	Prokaryotic cell	carrier	FACS	carrier	250	105	LB medium, then Terrific Broth	37°C	run 13	Proteomic profiling by mass spectrometry	1	Exp13	NT=Data-dependent acquisition;AC=PRIDE:0000627	20221220_Ec_13_RZ_SBP_Exp13.raw	1	Label free sample	not available	not available	Orbitrap Eclipse	NT=Trypsin;AC=1001251	0.05 Da	10 ppm	NT=TMT6plex;AC=737;CF=H(20) C(8) 13C(4) N 15N O(2);MM=229.162932;MT=Variable;PP=Anywhere;TA=['K']	NT=HCD; AC=MS:1002481	35% NCE	Not available	https://ftp.pride.ebi.ac.uk/pride/data/archive/2023/10/PXD043473/20221220_Ec_01_RZ_SBP_Exp13.raw	v1.1.0	NT=ms-proteomics;VV=v1.1.0	NT=single-cell;VV=v1.0.0
Run14_cell1	Escherichia coli	Cell lysate	Escherichia coli BL21(DE3)	not applicable	Prokaryotic cell	single cell	FACS	Run14_cell1	1	106	LB medium, then Terrific Broth	37°C	run 14	Proteomic profiling by mass spectrometry	1	Exp14	NT=Data-dependent acquisition;AC=PRIDE:0000627	20221220_Ec_14_RZ_SBP_Exp14.raw	1	Label free sample	not available	not available	Orbitrap Eclipse	NT=Trypsin;AC=1001251	0.05 Da	10 ppm	NT=TMT6plex;AC=737;CF=H(20) C(8) 13C(4) N 15N O(2);MM=229.162932;MT=Variable;PP=Anywhere;TA=['K']	NT=HCD; AC=MS:1002481	35% NCE	Not available	https://ftp.pride.ebi.ac.uk/pride/data/archive/2023/10/PXD043473/20221220_Ec_01_RZ_SBP_Exp14.raw	v1.1.0	NT=ms-proteomics;VV=v1.1.0	NT=single-cell;VV=v1.0.0
Run14_cell2	Escherichia coli	Cell lysate	Escherichia coli BL21(DE3)	not applicable	Prokaryotic cell	single cell	FACS	Run14_cell2	1	107	LB medium, then Terrific Broth	37°C	run 14	Proteomic profiling by mass spectrometry	1	Exp14	NT=Data-dependent acquisition;AC=PRIDE:0000627	20221220_Ec_14_RZ_SBP_Exp14.raw	1	Label free sample	not available	not available	Orbitrap Eclipse	NT=Trypsin;AC=1001251	0.05 Da	10 ppm	NT=TMT6plex;AC=737;CF=H(20) C(8) 13C(4) N 15N O(2);MM=229.162932;MT=Variable;PP=Anywhere;TA=['K']	NT=HCD; AC=MS:1002481	35% NCE	Not available	https://ftp.pride.ebi.ac.uk/pride/data/archive/2023/10/PXD043473/20221220_Ec_01_RZ_SBP_Exp14.raw	v1.1.0	NT=ms-proteomics;VV=v1.1.0	NT=single-cell;VV=v1.0.0
Run14_cell3	Escherichia coli	Cell lysate	Escherichia coli BL21(DE3)	not applicable	Prokaryotic cell	single cell	FACS	Run14_cell3	1	108	LB medium, then Terrific Broth	37°C	run 14	Proteomic profiling by mass spectrometry	1	Exp14	NT=Data-dependent acquisition;AC=PRIDE:0000627	20221220_Ec_14_RZ_SBP_Exp14.raw	1	Label free sample	not available	not available	Orbitrap Eclipse	NT=Trypsin;AC=1001251	0.05 Da	10 ppm	NT=TMT6plex;AC=737;CF=H(20) C(8) 13C(4) N 15N O(2);MM=229.162932;MT=Variable;PP=Anywhere;TA=['K']	NT=HCD; AC=MS:1002481	35% NCE	Not available	https://ftp.pride.ebi.ac.uk/pride/data/archive/2023/10/PXD043473/20221220_Ec_01_RZ_SBP_Exp14.raw	v1.1.0	NT=ms-proteomics;VV=v1.1.0	NT=single-cell;VV=v1.0.0
Run14_cell4_and_5	Escherichia coli	Cell lysate	Escherichia coli BL21(DE3)	not applicable	Prokaryotic cell	pooled	FACS	Run14_cell4_and_5	2	109	LB medium, then Terrific Broth	37°C	run 14	Proteomic profiling by mass spectrometry	1	Exp14	NT=Data-dependent acquisition;AC=PRIDE:0000627	20221220_Ec_14_RZ_SBP_Exp14.raw	1	Label free sample	not available	not available	Orbitrap Eclipse	NT=Trypsin;AC=1001251	0.05 Da	10 ppm	NT=TMT6plex;AC=737;CF=H(20) C(8) 13C(4) N 15N O(2);MM=229.162932;MT=Variable;PP=Anywhere;TA=['K']	NT=HCD; AC=MS:1002481	35% NCE	Not available	https://ftp.pride.ebi.ac.uk/pride/data/archive/2023/10/PXD043473/20221220_Ec_01_RZ_SBP_Exp14.raw	v1.1.0	NT=ms-proteomics;VV=v1.1.0	NT=single-cell;VV=v1.0.0
Run14_cell6_and_7	Escherichia coli	Cell lysate	Escherichia coli BL21(DE3)	not applicable	Prokaryotic cell	pooled	FACS	Run14_cell6_and_7	2	110	LB medium, then Terrific Broth	37°C	run 14	Proteomic profiling by mass spectrometry	1	Exp14	NT=Data-dependent acquisition;AC=PRIDE:0000627	20221220_Ec_14_RZ_SBP_Exp14.raw	1	Label free sample	not available	not available	Orbitrap Eclipse	NT=Trypsin;AC=1001251	0.05 Da	10 ppm	NT=TMT6plex;AC=737;CF=H(20) C(8) 13C(4) N 15N O(2);MM=229.162932;MT=Variable;PP=Anywhere;TA=['K']	NT=HCD; AC=MS:1002481	35% NCE	Not available	https://ftp.pride.ebi.ac.uk/pride/data/archive/2023/10/PXD043473/20221220_Ec_01_RZ_SBP_Exp14.raw	v1.1.0	NT=ms-proteomics;VV=v1.1.0	NT=single-cell;VV=v1.0.0
Run14_cell8_and_9	Escherichia coli	Cell lysate	Escherichia coli BL21(DE3)	not applicable	Prokaryotic cell	pooled	FACS	Run14_cell8_and_9	2	111	LB medium, then Terrific Broth	37°C	run 14	Proteomic profiling by mass spectrometry	1	Exp14	NT=Data-dependent acquisition;AC=PRIDE:0000627	20221220_Ec_14_RZ_SBP_Exp14.raw	1	Label free sample	not available	not available	Orbitrap Eclipse	NT=Trypsin;AC=1001251	0.05 Da	10 ppm	NT=TMT6plex;AC=737;CF=H(20) C(8) 13C(4) N 15N O(2);MM=229.162932;MT=Variable;PP=Anywhere;TA=['K']	NT=HCD; AC=MS:1002481	35% NCE	Not available	https://ftp.pride.ebi.ac.uk/pride/data/archive/2023/10/PXD043473/20221220_Ec_01_RZ_SBP_Exp14.raw	v1.1.0	NT=ms-proteomics;VV=v1.1.0	NT=single-cell;VV=v1.0.0
Run14_carrier_cells_1	Escherichia coli	Cell lysate	Escherichia coli BL21(DE3)	not applicable	Prokaryotic cell	carrier	FACS	carrier	250	112	LB medium, then Terrific Broth	37°C	run 14	Proteomic profiling by mass spectrometry	1	Exp14	NT=Data-dependent acquisition;AC=PRIDE:0000627	20221220_Ec_14_RZ_SBP_Exp14.raw	1	Label free sample	not available	not available	Orbitrap Eclipse	NT=Trypsin;AC=1001251	0.05 Da	10 ppm	NT=TMT6plex;AC=737;CF=H(20) C(8) 13C(4) N 15N O(2);MM=229.162932;MT=Variable;PP=Anywhere;TA=['K']	NT=HCD; AC=MS:1002481	35% NCE	Not available	https://ftp.pride.ebi.ac.uk/pride/data/archive/2023/10/PXD043473/20221220_Ec_01_RZ_SBP_Exp14.raw	v1.1.0	NT=ms-proteomics;VV=v1.1.0	NT=single-cell;VV=v1.0.0
Run14_carrier_cells_2	Escherichia coli	Cell lysate	Escherichia coli BL21(DE3)	not applicable	Prokaryotic cell	carrier	FACS	carrier	250	113	LB medium, then Terrific Broth	37°C	run 14	Proteomic profiling by mass spectrometry	1	Exp14	NT=Data-dependent acquisition;AC=PRIDE:0000627	20221220_Ec_14_RZ_SBP_Exp14.raw	1	Label free sample	not available	not available	Orbitrap Eclipse	NT=Trypsin;AC=1001251	0.05 Da	10 ppm	NT=TMT6plex;AC=737;CF=H(20) C(8) 13C(4) N 15N O(2);MM=229.162932;MT=Variable;PP=Anywhere;TA=['K']	NT=HCD; AC=MS:1002481	35% NCE	Not available	https://ftp.pride.ebi.ac.uk/pride/data/archive/2023/10/PXD043473/20221220_Ec_01_RZ_SBP_Exp14.raw	v1.1.0	NT=ms-proteomics;VV=v1.1.0	NT=single-cell;VV=v1.0.0
Run15_cell1	Escherichia coli	Cell lysate	Escherichia coli BL21(DE3)	not applicable	Prokaryotic cell	single cell	FACS	Run15_cell1	1	114	LB medium, then Terrific Broth	37°C	run 15	Proteomic profiling by mass spectrometry	1	Exp15	NT=Data-dependent acquisition;AC=PRIDE:0000627	20221220_Ec_15_RZ_SBP_Exp15.raw	1	Label free sample	not available	not available	Orbitrap Eclipse	NT=Trypsin;AC=1001251	0.05 Da	10 ppm	NT=TMT6plex;AC=737;CF=H(20) C(8) 13C(4) N 15N O(2);MM=229.162932;MT=Variable;PP=Anywhere;TA=['K']	NT=HCD; AC=MS:1002481	35% NCE	Not available	https://ftp.pride.ebi.ac.uk/pride/data/archive/2023/10/PXD043473/20221220_Ec_01_RZ_SBP_Exp15.raw	v1.1.0	NT=ms-proteomics;VV=v1.1.0	NT=single-cell;VV=v1.0.0
Run15_cell2	Escherichia coli	Cell lysate	Escherichia coli BL21(DE3)	not applicable	Prokaryotic cell	single cell	FACS	Run15_cell2	1	115	LB medium, then Terrific Broth	37°C	run 15	Proteomic profiling by mass spectrometry	1	Exp15	NT=Data-dependent acquisition;AC=PRIDE:0000627	20221220_Ec_15_RZ_SBP_Exp15.raw	1	Label free sample	not available	not available	Orbitrap Eclipse	NT=Trypsin;AC=1001251	0.05 Da	10 ppm	NT=TMT6plex;AC=737;CF=H(20) C(8) 13C(4) N 15N O(2);MM=229.162932;MT=Variable;PP=Anywhere;TA=['K']	NT=HCD; AC=MS:1002481	35% NCE	Not available	https://ftp.pride.ebi.ac.uk/pride/data/archive/2023/10/PXD043473/20221220_Ec_01_RZ_SBP_Exp15.raw	v1.1.0	NT=ms-proteomics;VV=v1.1.0	NT=single-cell;VV=v1.0.0
Run15_cell3	Escherichia coli	Cell lysate	Escherichia coli BL21(DE3)	not applicable	Prokaryotic cell	single cell	FACS	Run15_cell3	1	116	LB medium, then Terrific Broth	37°C	run 15	Proteomic profiling by mass spectrometry	1	Exp15	NT=Data-dependent acquisition;AC=PRIDE:0000627	20221220_Ec_15_RZ_SBP_Exp15.raw	1	Label free sample	not available	not available	Orbitrap Eclipse	NT=Trypsin;AC=1001251	0.05 Da	10 ppm	NT=TMT6plex;AC=737;CF=H(20) C(8) 13C(4) N 15N O(2);MM=229.162932;MT=Variable;PP=Anywhere;TA=['K']	NT=HCD; AC=MS:1002481	35% NCE	Not available	https://ftp.pride.ebi.ac.uk/pride/data/archive/2023/10/PXD043473/20221220_Ec_01_RZ_SBP_Exp15.raw	v1.1.0	NT=ms-proteomics;VV=v1.1.0	NT=single-cell;VV=v1.0.0
Run15_cell4_and_5	Escherichia coli	Cell lysate	Escherichia coli BL21(DE3)	not applicable	Prokaryotic cell	pooled	FACS	Run15_cell4_and_5	2	117	LB medium, then Terrific Broth	37°C	run 15	Proteomic profiling by mass spectrometry	1	Exp15	NT=Data-dependent acquisition;AC=PRIDE:0000627	20221220_Ec_15_RZ_SBP_Exp15.raw	1	Label free sample	not available	not available	Orbitrap Eclipse	NT=Trypsin;AC=1001251	0.05 Da	10 ppm	NT=TMT6plex;AC=737;CF=H(20) C(8) 13C(4) N 15N O(2);MM=229.162932;MT=Variable;PP=Anywhere;TA=['K']	NT=HCD; AC=MS:1002481	35% NCE	Not available	https://ftp.pride.ebi.ac.uk/pride/data/archive/2023/10/PXD043473/20221220_Ec_01_RZ_SBP_Exp15.raw	v1.1.0	NT=ms-proteomics;VV=v1.1.0	NT=single-cell;VV=v1.0.0
Run15_cell6_and_7	Escherichia coli	Cell lysate	Escherichia coli BL21(DE3)	not applicable	Prokaryotic cell	pooled	FACS	Run15_cell6_and_7	2	118	LB medium, then Terrific Broth	37°C	run 15	Proteomic profiling by mass spectrometry	1	Exp15	NT=Data-dependent acquisition;AC=PRIDE:0000627	20221220_Ec_15_RZ_SBP_Exp15.raw	1	Label free sample	not available	not available	Orbitrap Eclipse	NT=Trypsin;AC=1001251	0.05 Da	10 ppm	NT=TMT6plex;AC=737;CF=H(20) C(8) 13C(4) N 15N O(2);MM=229.162932;MT=Variable;PP=Anywhere;TA=['K']	NT=HCD; AC=MS:1002481	35% NCE	Not available	https://ftp.pride.ebi.ac.uk/pride/data/archive/2023/10/PXD043473/20221220_Ec_01_RZ_SBP_Exp15.raw	v1.1.0	NT=ms-proteomics;VV=v1.1.0	NT=single-cell;VV=v1.0.0
Run15_cell8_and_9	Escherichia coli	Cell lysate	Escherichia coli BL21(DE3)	not applicable	Prokaryotic cell	pooled	FACS	Run15_cell8_and_9	2	119	LB medium, then Terrific Broth	37°C	run 15	Proteomic profiling by mass spectrometry	1	Exp15	NT=Data-dependent acquisition;AC=PRIDE:0000627	20221220_Ec_15_RZ_SBP_Exp15.raw	1	Label free sample	not available	not available	Orbitrap Eclipse	NT=Trypsin;AC=1001251	0.05 Da	10 ppm	NT=TMT6plex;AC=737;CF=H(20) C(8) 13C(4) N 15N O(2);MM=229.162932;MT=Variable;PP=Anywhere;TA=['K']	NT=HCD; AC=MS:1002481	35% NCE	Not available	https://ftp.pride.ebi.ac.uk/pride/data/archive/2023/10/PXD043473/20221220_Ec_01_RZ_SBP_Exp15.raw	v1.1.0	NT=ms-proteomics;VV=v1.1.0	NT=single-cell;VV=v1.0.0
Run15_carrier_cells_1	Escherichia coli	Cell lysate	Escherichia coli BL21(DE3)	not applicable	Prokaryotic cell	carrier	FACS	carrier	250	120	LB medium, then Terrific Broth	37°C	run 15	Proteomic profiling by mass spectrometry	1	Exp15	NT=Data-dependent acquisition;AC=PRIDE:0000627	20221220_Ec_01_RZ_SBP_Exp15.raw	1	Label free sample	not available	not available	Orbitrap Eclipse	NT=Trypsin;AC=1001251	0.05 Da	10 ppm	NT=TMT6plex;AC=737;CF=H(20) C(8) 13C(4) N 15N O(2);MM=229.162932;MT=Variable;PP=Anywhere;TA=['K']	NT=HCD; AC=MS:1002481	35% NCE	Not available	https://ftp.pride.ebi.ac.uk/pride/data/archive/2023/10/PXD043473/20221220_Ec_01_RZ_SBP_Exp15.raw	v1.1.0	NT=ms-proteomics;VV=v1.1.0	NT=single-cell;VV=v1.0.0
Run15_carrier_cells_2	Escherichia coli	Cell lysate	Escherichia coli BL21(DE3)	not applicable	Prokaryotic cell	carrier	FACS	carrier	250	121	LB medium, then Terrific Broth	37°C	run 15	Proteomic profiling by mass spectrometry	1	Exp15	NT=Data-dependent acquisition;AC=PRIDE:0000627	20221220_Ec_01_RZ_SBP_Exp15.raw	1	Label free sample	not available	not available	Orbitrap Eclipse	NT=Trypsin;AC=1001251	0.05 Da	10 ppm	NT=TMT6plex;AC=737;CF=H(20) C(8) 13C(4) N 15N O(2);MM=229.162932;MT=Variable;PP=Anywhere;TA=['K']	NT=HCD; AC=MS:1002481	35% NCE	Not available	https://ftp.pride.ebi.ac.uk/pride/data/archive/2023/10/PXD043473/20221220_Ec_01_RZ_SBP_Exp15.raw	v1.1.0	NT=ms-proteomics;VV=v1.1.0	NT=single-cell;VV=v1.0.0
Run16_cell1	Escherichia coli	Cell lysate	Escherichia coli BL21(DE3)	not applicable	Prokaryotic cell	single cell	FACS	Run16_cell1	1	122	LB medium, then Terrific Broth	37°C	run 16	Proteomic profiling by mass spectrometry	1	Exp16	NT=Data-dependent acquisition;AC=PRIDE:0000627	20221220_Ec_16_RZ_SBP_Exp16.raw	1	Label free sample	not available	not available	Orbitrap Eclipse	NT=Trypsin;AC=1001251	0.05 Da	10 ppm	NT=TMT6plex;AC=737;CF=H(20) C(8) 13C(4) N 15N O(2);MM=229.162932;MT=Variable;PP=Anywhere;TA=['K']	NT=HCD; AC=MS:1002481	35% NCE	Not available	https://ftp.pride.ebi.ac.uk/pride/data/archive/2023/10/PXD043473/20221220_Ec_01_RZ_SBP_Exp16.raw	v1.1.0	NT=ms-proteomics;VV=v1.1.0	NT=single-cell;VV=v1.0.0
Run16_cell2	Escherichia coli	Cell lysate	Escherichia coli BL21(DE3)	not applicable	Prokaryotic cell	single cell	FACS	Run16_cell2	1	123	LB medium, then Terrific Broth	37°C	run 16	Proteomic profiling by mass spectrometry	1	Exp16	NT=Data-dependent acquisition;AC=PRIDE:0000627	20221220_Ec_16_RZ_SBP_Exp16.raw	1	Label free sample	not available	not available	Orbitrap Eclipse	NT=Trypsin;AC=1001251	0.05 Da	10 ppm	NT=TMT6plex;AC=737;CF=H(20) C(8) 13C(4) N 15N O(2);MM=229.162932;MT=Variable;PP=Anywhere;TA=['K']	NT=HCD; AC=MS:1002481	35% NCE	Not available	https://ftp.pride.ebi.ac.uk/pride/data/archive/2023/10/PXD043473/20221220_Ec_01_RZ_SBP_Exp16.raw	v1.1.0	NT=ms-proteomics;VV=v1.1.0	NT=single-cell;VV=v1.0.0
Run16_cell3	Escherichia coli	Cell lysate	Escherichia coli BL21(DE3)	not applicable	Prokaryotic cell	single cell	FACS	Run16_cell3	1	124	LB medium, then Terrific Broth	37°C	run 16	Proteomic profiling by mass spectrometry	1	Exp16	NT=Data-dependent acquisition;AC=PRIDE:0000627	20221220_Ec_16_RZ_SBP_Exp16.raw	1	Label free sample	not available	not available	Orbitrap Eclipse	NT=Trypsin;AC=1001251	0.05 Da	10 ppm	NT=TMT6plex;AC=737;CF=H(20) C(8) 13C(4) N 15N O(2);MM=229.162932;MT=Variable;PP=Anywhere;TA=['K']	NT=HCD; AC=MS:1002481	35% NCE	Not available	https://ftp.pride.ebi.ac.uk/pride/data/archive/2023/10/PXD043473/20221220_Ec_01_RZ_SBP_Exp16.raw	v1.1.0	NT=ms-proteomics;VV=v1.1.0	NT=single-cell;VV=v1.0.0
Run16_cell4_and_5	Escherichia coli	Cell lysate	Escherichia coli BL21(DE3)	not applicable	Prokaryotic cell	pooled	FACS	Run16_cell4_and_5	2	125	LB medium, then Terrific Broth	37°C	run 16	Proteomic profiling by mass spectrometry	1	Exp16	NT=Data-dependent acquisition;AC=PRIDE:0000627	20221220_Ec_16_RZ_SBP_Exp16.raw	1	Label free sample	not available	not available	Orbitrap Eclipse	NT=Trypsin;AC=1001251	0.05 Da	10 ppm	NT=TMT6plex;AC=737;CF=H(20) C(8) 13C(4) N 15N O(2);MM=229.162932;MT=Variable;PP=Anywhere;TA=['K']	NT=HCD; AC=MS:1002481	35% NCE	Not available	https://ftp.pride.ebi.ac.uk/pride/data/archive/2023/10/PXD043473/20221220_Ec_01_RZ_SBP_Exp16.raw	v1.1.0	NT=ms-proteomics;VV=v1.1.0	NT=single-cell;VV=v1.0.0
Run16_cell6_and_7	Escherichia coli	Cell lysate	Escherichia coli BL21(DE3)	not applicable	Prokaryotic cell	pooled	FACS	Run16_cell6_and_7	2	126	LB medium, then Terrific Broth	37°C	run 16	Proteomic profiling by mass spectrometry	1	Exp16	NT=Data-dependent acquisition;AC=PRIDE:0000627	20221220_Ec_16_RZ_SBP_Exp16.raw	1	Label free sample	not available	not available	Orbitrap Eclipse	NT=Trypsin;AC=1001251	0.05 Da	10 ppm	NT=TMT6plex;AC=737;CF=H(20) C(8) 13C(4) N 15N O(2);MM=229.162932;MT=Variable;PP=Anywhere;TA=['K']	NT=HCD; AC=MS:1002481	35% NCE	Not available	https://ftp.pride.ebi.ac.uk/pride/data/archive/2023/10/PXD043473/20221220_Ec_01_RZ_SBP_Exp16.raw	v1.1.0	NT=ms-proteomics;VV=v1.1.0	NT=single-cell;VV=v1.0.0
Run16_cell8_and_9	Escherichia coli	Cell lysate	Escherichia coli BL21(DE3)	not applicable	Prokaryotic cell	pooled	FACS	Run16_cell8_and_9	2	127	LB medium, then Terrific Broth	37°C	run 16	Proteomic profiling by mass spectrometry	1	Exp16	NT=Data-dependent acquisition;AC=PRIDE:0000627	20221220_Ec_16_RZ_SBP_Exp16.raw	1	Label free sample	not available	not available	Orbitrap Eclipse	NT=Trypsin;AC=1001251	0.05 Da	10 ppm	NT=TMT6plex;AC=737;CF=H(20) C(8) 13C(4) N 15N O(2);MM=229.162932;MT=Variable;PP=Anywhere;TA=['K']	NT=HCD; AC=MS:1002481	35% NCE	Not available	https://ftp.pride.ebi.ac.uk/pride/data/archive/2023/10/PXD043473/20221220_Ec_01_RZ_SBP_Exp16.raw	v1.1.0	NT=ms-proteomics;VV=v1.1.0	NT=single-cell;VV=v1.0.0
Run16_carrier_cells_1	Escherichia coli	Cell lysate	Escherichia coli BL21(DE3)	not applicable	Prokaryotic cell	carrier	FACS	carrier	250	128	LB medium, then Terrific Broth	37°C	run 16	Proteomic profiling by mass spectrometry	1	Exp16	NT=Data-dependent acquisition;AC=PRIDE:0000627	20221220_Ec_16_RZ_SBP_Exp16.raw	1	Label free sample	not available	not available	Orbitrap Eclipse	NT=Trypsin;AC=1001251	0.05 Da	10 ppm	NT=TMT6plex;AC=737;CF=H(20) C(8) 13C(4) N 15N O(2);MM=229.162932;MT=Variable;PP=Anywhere;TA=['K']	NT=HCD; AC=MS:1002481	35% NCE	Not available	https://ftp.pride.ebi.ac.uk/pride/data/archive/2023/10/PXD043473/20221220_Ec_01_RZ_SBP_Exp16.raw	v1.1.0	NT=ms-proteomics;VV=v1.1.0	NT=single-cell;VV=v1.0.0
Run16_carrier_cells_2	Escherichia coli	Cell lysate	Escherichia coli BL21(DE3)	not applicable	Prokaryotic cell	carrier	FACS	carrier	250	129	LB medium, then Terrific Broth	37°C	run 16	Proteomic profiling by mass spectrometry	1	Exp16	NT=Data-dependent acquisition;AC=PRIDE:0000627	20221220_Ec_16_RZ_SBP_Exp16.raw	1	Label free sample	not available	not available	Orbitrap Eclipse	NT=Trypsin;AC=1001251	0.05 Da	10 ppm	NT=TMT6plex;AC=737;CF=H(20) C(8) 13C(4) N 15N O(2);MM=229.162932;MT=Variable;PP=Anywhere;TA=['K']	NT=HCD; AC=MS:1002481	35% NCE	Not available	https://ftp.pride.ebi.ac.uk/pride/data/archive/2023/10/PXD043473/20221220_Ec_01_RZ_SBP_Exp16.raw	v1.1.0	NT=ms-proteomics;VV=v1.1.0	NT=single-cell;VV=v1.0.0
