accession	sdrf_path	rows	quant_mode	acquisition	isolation_protocol	modification_column_count	filled_cells_first_row	unresolved_high_value_gaps	evidence_pride	evidence_europepmc	validation_status	validation_note
PXD000902	sandbox/PXD000902/PXD000902.sdrf.tsv	64	label-free	NT=Data-dependent acquisition;AC=PRIDE:0000627	not applicable	0	21	collision energy; fragment mass tolerance; modification parameters; precursor mass tolerance; single cell isolation protocol	https://www.ebi.ac.uk/pride/archive/projects/PXD000902	Global absolute quantification reveals tight regulation of protein expression in single Xenopus eggs.	passes_structural_template_check	parse_sdrf validate-sdrf --template single-cell --skip-ontology passed
PXD003121	sandbox/PXD003121/PXD003121.sdrf.tsv	21	label-free	NT=Data-dependent acquisition;AC=PRIDE:0000627	not applicable	0	22	collision energy; fragment mass tolerance; modification parameters; precursor mass tolerance; single cell isolation protocol	https://www.ebi.ac.uk/pride/archive/projects/PXD003121		passes_structural_template_check	parse_sdrf validate-sdrf --template single-cell --skip-ontology passed
PXD006905	sandbox/PXD006905/PXD006905.sdrf.tsv	94	label-free	NT=Data-dependent acquisition;AC=PRIDE:0000627	manual picking	0	24	collision energy; fragment mass tolerance; modification parameters; precursor mass tolerance	https://www.ebi.ac.uk/pride/archive/projects/PXD006905	Microsampling Capillary Electrophoresis Mass Spectrometry Enables Single-Cell Proteomics in Complex Tissues: Developing Cell Clones in Live Xenopus laevis and Zebrafish Embryos.	passes_structural_template_check	parse_sdrf validate-sdrf --template single-cell --skip-ontology passed
PXD012101	sandbox/PXD012101/PXD012101.sdrf.tsv	76	label-free	NT=Data-dependent acquisition;AC=PRIDE:0000627	laser capture microdissection	3	28	fragment mass tolerance; precursor mass tolerance	https://www.ebi.ac.uk/pride/archive/projects/PXD012101	Development of a Sensitive, Scalable Method for Spatial, Cell-Type-Resolved Proteomics of the Human Brain.	passes_structural_template_check	parse_sdrf validate-sdrf --template single-cell --skip-ontology passed
PXD014256	sandbox/PXD014256/PXD014256.sdrf.tsv	61	label-free	NT=Data-dependent acquisition;AC=PRIDE:0000627	FACS	2	31	fragment mass tolerance; precursor mass tolerance	https://www.ebi.ac.uk/pride/archive/projects/PXD014256	IceR improves proteome coverage and data completeness in global and single-cell proteomics.	passes_structural_template_check	parse_sdrf validate-sdrf --template single-cell --skip-ontology passed
PXD015058	sandbox/PXD015058/PXD015058.sdrf.tsv	48	label-free	NT=Data-dependent acquisition;AC=PRIDE:0000627	laser capture microdissection	0	23	collision energy; fragment mass tolerance; modification parameters; precursor mass tolerance	https://www.ebi.ac.uk/pride/archive/projects/PXD015058	Near-Single-Cell Proteomics Profiling of the Proximal Tubular and Glomerulus of the Normal Human Kidney.	passes_structural_template_check	parse_sdrf validate-sdrf --template single-cell --skip-ontology passed
PXD016573	sandbox/PXD016573/PXD016573.sdrf.tsv	138	TMT	NT=Data-dependent acquisition;AC=PRIDE:0000627	not applicable	1	22	TMT channel-to-sample labels; collision energy; fragment mass tolerance; precursor mass tolerance; single cell isolation protocol	https://www.ebi.ac.uk/pride/archive/projects/PXD016573		fails_structural_template_check	comment[label] requires exact TMT/TMTpro channel-to-sample mapping; left unresolved rather than guessed
PXD016921	sandbox/PXD016921/PXD016921.sdrf.tsv	7	label-free	NT=Data-dependent acquisition;AC=PRIDE:0000627	nanoPOTS	0	27	collision energy; fragment mass tolerance; modification parameters; precursor mass tolerance	https://www.ebi.ac.uk/pride/archive/projects/PXD016921	quantms: a cloud-based pipeline for quantitative proteomics enables the reanalysis of public proteomics data.	passes_structural_template_check	parse_sdrf validate-sdrf --template single-cell --skip-ontology passed
PXD019515	sandbox/PXD019515/PXD019515.sdrf.tsv	12	label-free	NT=Data-dependent acquisition;AC=PRIDE:0000627	laser capture microdissection	2	32	none	https://www.ebi.ac.uk/pride/archive/projects/PXD019515	Ultrasensitive single-cell proteomics workflow identifies >1000 protein groups per mammalian cell.	passes_structural_template_check	parse_sdrf validate-sdrf --template single-cell --skip-ontology passed
PXD019958	sandbox/PXD019958/PXD019958.sdrf.tsv	9	label-free	NT=Data-dependent acquisition;AC=PRIDE:0000627	microfluidics	3	29	collision energy; fragment mass tolerance; precursor mass tolerance	https://www.ebi.ac.uk/pride/archive/projects/PXD019958	Digital microfluidic isolation of single cells for -Omics.	passes_structural_template_check	parse_sdrf validate-sdrf --template single-cell --skip-ontology passed
PXD020586	sandbox/PXD020586/PXD020586.sdrf.tsv	289	TMTpro	NT=Data-dependent acquisition;AC=PRIDE:0000627	FACS	4	31	TMTpro channel-to-sample labels; fragment mass tolerance; precursor mass tolerance	https://www.ebi.ac.uk/pride/archive/projects/PXD020586	Quantitative single-cell proteomics as a tool to characterize cellular hierarchies.	fails_structural_template_check	comment[label] requires exact TMT/TMTpro channel-to-sample mapping; left unresolved rather than guessed
PXD021882	sandbox/PXD021882/PXD021882.sdrf.tsv	37	label-free	NT=Data-dependent acquisition;AC=PRIDE:0000627	FACS	1	30	fragment mass tolerance; precursor mass tolerance	https://www.ebi.ac.uk/pride/archive/projects/PXD021882	Transfer learning in DeepLC improves LC retention time prediction across substantially different modifications and setups.	passes_structural_template_check	parse_sdrf validate-sdrf --template single-cell --skip-ontology passed
PXD022791	sandbox/PXD022791/PXD022791.sdrf.tsv	24	label-free	NT=Data-dependent acquisition;AC=PRIDE:0000627	laser capture microdissection	2	33	none	https://www.ebi.ac.uk/pride/archive/projects/PXD022791		passes_structural_template_check	parse_sdrf validate-sdrf --template single-cell --skip-ontology passed
PXD023366	sandbox/PXD023366/PXD023366.sdrf.tsv	36	label-free	NT=Data-dependent acquisition;AC=PRIDE:0000627	not applicable	2	27	fragment mass tolerance; precursor mass tolerance; single cell isolation protocol	https://www.ebi.ac.uk/pride/archive/projects/PXD023366	Single-Cell Quantitative Proteomic Analysis of Human Oocyte Maturation Revealed High Heterogeneity in In Vitro-Matured Oocytes.	passes_structural_template_check	parse_sdrf validate-sdrf --template single-cell --skip-ontology passed
PXD023574	sandbox/PXD023574/PXD023574.sdrf.tsv	44	TMTpro	NT=Data-independent acquisition;AC=PRIDE:0000628	not applicable	1	23	TMTpro channel-to-sample labels; fragment mass tolerance; precursor mass tolerance; single cell isolation protocol	https://www.ebi.ac.uk/pride/archive/projects/PXD023574	Comparative Proteome Signatures of Trace Samples by Multiplexed Data-Independent Acquisition.	fails_structural_template_check	comment[label] requires exact TMT/TMTpro channel-to-sample mapping; left unresolved rather than guessed
PXD023904	sandbox/PXD023904/PXD023904.sdrf.tsv	3	label-free	NT=Data-independent acquisition;AC=PRIDE:0000628	laser capture microdissection	3	33	fragment mass tolerance	https://www.ebi.ac.uk/pride/archive/projects/PXD023904	A high-resolution spatial map of cilia-associated proteins in the human fallopian tube.	passes_structural_template_check	parse_sdrf validate-sdrf --template single-cell --skip-ontology passed
PXD024017	sandbox/PXD024017/PXD024017.sdrf.tsv	45	label-free	NT=Data-dependent acquisition;AC=PRIDE:0000627	not applicable	3	29	single cell isolation protocol	https://www.ebi.ac.uk/pride/archive/projects/PXD024017	Ultrasensitive NanoLC-MS of Subnanogram Protein Samples Using Second Generation Micropillar Array LC Technology with Orbitrap Exploris 480 and FAIMS PRO.	passes_structural_template_check	parse_sdrf validate-sdrf --template single-cell --skip-ontology passed
PXD024043	sandbox/PXD024043/PXD024043.sdrf.tsv	8	label-free	NT=Data-independent acquisition;AC=PRIDE:0000628	FACS	3	32	fragment mass tolerance; precursor mass tolerance	https://www.ebi.ac.uk/pride/archive/projects/PXD024043	quantms: a cloud-based pipeline for quantitative proteomics enables the reanalysis of public proteomics data.	passes_structural_template_check	parse_sdrf validate-sdrf --template single-cell --skip-ontology passed
PXD025387	sandbox/PXD025387/PXD025387.sdrf.tsv	135	label-free	NT=Data-dependent acquisition;AC=PRIDE:0000627	cellenONE	2	27	collision energy; fragment mass tolerance; precursor mass tolerance	https://www.ebi.ac.uk/pride/archive/projects/PXD025387	An Automated Nanowell-Array Workflow for Quantitative Multiplexed Single-Cell Proteomics Sample Preparation at High Sensitivity.	passes_structural_template_check	parse_sdrf validate-sdrf --template single-cell --skip-ontology passed
PXD025481	sandbox/PXD025481/PXD025481.sdrf.tsv	325	TMTpro	NT=Data-dependent acquisition;AC=PRIDE:0000627	FACS	3	32	TMTpro channel-to-sample labels	https://www.ebi.ac.uk/pride/archive/projects/PXD025481	Single-Cell Chemical Proteomics (SCCP) Interrogates the Timing and Heterogeneity of Cancer Cell Commitment to Death.	fails_structural_template_check	comment[label] requires exact TMT/TMTpro channel-to-sample mapping; left unresolved rather than guessed
PXD025766	sandbox/PXD025766/PXD025766.sdrf.tsv	93	label-free	NT=Data-independent acquisition;AC=PRIDE:0000628	not applicable	0	23	fragment mass tolerance; modification parameters; precursor mass tolerance; single cell isolation protocol	https://www.ebi.ac.uk/pride/archive/projects/PXD025766		passes_structural_template_check	parse_sdrf validate-sdrf --template single-cell --skip-ontology passed
PXD027135	sandbox/PXD027135/PXD027135.sdrf.tsv	12	label-free	NT=Data-dependent acquisition;AC=PRIDE:0000627	not applicable	1	26	fragment mass tolerance; precursor mass tolerance; single cell isolation protocol	https://www.ebi.ac.uk/pride/archive/projects/PXD027135	Nanoparticle-Aided Nanoreactor for Nanoproteomics.	passes_structural_template_check	parse_sdrf validate-sdrf --template single-cell --skip-ontology passed
PXD027742	sandbox/PXD027742/PXD027742.sdrf.tsv	240	TMTpro	NT=Data-dependent acquisition;AC=PRIDE:0000627	not applicable	2	25	TMTpro channel-to-sample labels; fragment mass tolerance; precursor mass tolerance; single cell isolation protocol	https://www.ebi.ac.uk/pride/archive/projects/PXD027742	Isobaric Labeling Update in MaxQuant.	fails_structural_template_check	comment[label] requires exact TMT/TMTpro channel-to-sample mapping; left unresolved rather than guessed
PXD027912	sandbox/PXD027912/PXD027912.sdrf.tsv	75	TMTpro	NT=Data-independent acquisition;AC=PRIDE:0000628	not applicable	4	27	TMTpro channel-to-sample labels; fragment mass tolerance; precursor mass tolerance; single cell isolation protocol	https://www.ebi.ac.uk/pride/archive/projects/PXD027912	Quantitative Accuracy and Precision in Multiplexed Single-Cell Proteomics.	fails_structural_template_check	comment[label] requires exact TMT/TMTpro channel-to-sample mapping; left unresolved rather than guessed
PXD028991	sandbox/PXD028991/PXD028991.sdrf.tsv	18	label-free	NT=Data-dependent acquisition;AC=PRIDE:0000627	FACS	1	28	none	https://www.ebi.ac.uk/pride/archive/projects/PXD028991	New Insights on the Role of -Cyanoalanine Synthase CAS-C1 in Root Hair Elongation through Single-Cell Proteomics.	passes_structural_template_check	parse_sdrf validate-sdrf --template single-cell --skip-ontology passed
PXD029320	sandbox/PXD029320/PXD029320.sdrf.tsv	97	TMTpro	NT=Data-dependent acquisition;AC=PRIDE:0000627	FACS	4	31	TMTpro channel-to-sample labels; precursor mass tolerance	https://www.ebi.ac.uk/pride/archive/projects/PXD029320	Real-Time Search-Assisted Acquisition on a Tribrid Mass Spectrometer Improves Coverage in Multiplexed Single-Cell Proteomics.	fails_structural_template_check	comment[label] requires exact TMT/TMTpro channel-to-sample mapping; left unresolved rather than guessed
PXD029729	sandbox/PXD029729/PXD029729.sdrf.tsv	48	label-free	NT=Data-dependent acquisition;AC=PRIDE:0000627	nanoPOTS	2	31	none	https://www.ebi.ac.uk/pride/archive/projects/PXD029729	In-Depth Mass Spectrometry-Based Proteomics of Formalin-Fixed, Paraffin-Embedded Tissues with a Spatial Resolution of 50-200 m.	passes_structural_template_check	parse_sdrf validate-sdrf --template single-cell --skip-ontology passed
PXD030607	sandbox/PXD030607/PXD030607.sdrf.tsv	15	label-free	NT=Data-dependent acquisition;AC=PRIDE:0000627	manual picking	0	25	collision energy; fragment mass tolerance; modification parameters; precursor mass tolerance	https://www.ebi.ac.uk/pride/archive/projects/PXD030607		passes_structural_template_check	parse_sdrf validate-sdrf --template single-cell --skip-ontology passed
PXD031955	sandbox/PXD031955/PXD031955.sdrf.tsv	18	label-free	NT=Data-dependent acquisition;AC=PRIDE:0000627	manual picking	0	25	collision energy; fragment mass tolerance; modification parameters; precursor mass tolerance	https://www.ebi.ac.uk/pride/archive/projects/PXD031955	Capillary Electrophoresis Mass Spectrometry for Scalable Single-Cell Proteomics.	passes_structural_template_check	parse_sdrf validate-sdrf --template single-cell --skip-ontology passed
PXD034370	sandbox/PXD034370/PXD034370.sdrf.tsv	34	TMT	NT=Data-dependent acquisition;AC=PRIDE:0000627	not applicable	2	24	TMT channel-to-sample labels; collision energy; fragment mass tolerance; precursor mass tolerance; single cell isolation protocol	https://www.ebi.ac.uk/pride/archive/projects/PXD034370	Transfer learning in DeepLC improves LC retention time prediction across substantially different modifications and setups.	fails_structural_template_check	comment[label] requires exact TMT/TMTpro channel-to-sample mapping; left unresolved rather than guessed
PXD035339	sandbox/PXD035339/PXD035339.sdrf.tsv	23	label-free	NT=Data-dependent acquisition;AC=PRIDE:0000627	manual picking	0	25	fragment mass tolerance; modification parameters; precursor mass tolerance	https://www.ebi.ac.uk/pride/archive/projects/PXD035339	On-capillary Cell Lysis Enables Top-down Proteomic Analysis of Single Mammalian Cells by CE-MS/MS.	passes_structural_template_check	parse_sdrf validate-sdrf --template single-cell --skip-ontology passed
PXD037527	sandbox/PXD037527/PXD037527.sdrf.tsv	331	label-free	NT=Data-independent acquisition;AC=PRIDE:0000628	cellenONE	1	29	precursor mass tolerance	https://www.ebi.ac.uk/pride/archive/projects/PXD037527	MSConnect: Open-Source, End-to-End Platform for Automated Mass Spectrometry Data Management, Analysis, and Visualization.	passes_structural_template_check	parse_sdrf validate-sdrf --template single-cell --skip-ontology passed
PXD037985	sandbox/PXD037985/PXD037985.sdrf.tsv	18	label-free	NT=Data-independent acquisition;AC=PRIDE:0000628	not applicable	2	29	precursor mass tolerance; single cell isolation protocol	https://www.ebi.ac.uk/pride/archive/projects/PXD037985	Micropillar arrays, wide window acquisition and AI-based data analysis improve comprehensiveness in multiple proteomic applications.	passes_structural_template_check	parse_sdrf validate-sdrf --template single-cell --skip-ontology passed
PXD038632	sandbox/PXD038632/PXD038632.sdrf.tsv	15	label-free	NT=Data-independent acquisition;AC=PRIDE:0000628	FACS	2	30	fragment mass tolerance; precursor mass tolerance	https://www.ebi.ac.uk/pride/archive/projects/PXD038632	Robust dimethyl-based multiplex-DIA doubles single-cell proteome depth via a reference channel.	passes_structural_template_check	parse_sdrf validate-sdrf --template single-cell --skip-ontology passed
PXD038699	sandbox/PXD038699/PXD038699.sdrf.tsv	1	dimethyl	NT=Data-independent acquisition;AC=PRIDE:0000628	laser capture microdissection	0	26	dimethyl channel-to-sample labels; fragment mass tolerance; modification parameters; precursor mass tolerance	https://www.ebi.ac.uk/pride/archive/projects/PXD038699	Spatial single-cell mass spectrometry defines zonation of the hepatocyte proteome.	fails_structural_template_check	comment[label] requires exact TMT/TMTpro channel-to-sample mapping; left unresolved rather than guessed
PXD039066	sandbox/PXD039066/PXD039066.sdrf.tsv	1	label-free	NT=Data-dependent acquisition;AC=PRIDE:0000627	FACS	3	30	fragment mass tolerance; precursor mass tolerance	https://www.ebi.ac.uk/pride/archive/projects/PXD039066		passes_structural_template_check	parse_sdrf validate-sdrf --template single-cell --skip-ontology passed
PXD039208	sandbox/PXD039208/PXD039208.sdrf.tsv	60	label-free	NT=Data-dependent acquisition;AC=PRIDE:0000627	microfluidics	2	31	precursor mass tolerance	https://www.ebi.ac.uk/pride/archive/projects/PXD039208	Label-free single cell proteomics utilizing ultrafast LC and MS instrumentation: A valuable complementary technique to multiplexing.	passes_structural_template_check	parse_sdrf validate-sdrf --template single-cell --skip-ontology passed
PXD040281	sandbox/PXD040281/PXD040281.sdrf.tsv	1	label-free	NT=Data-independent acquisition;AC=PRIDE:0000628	laser capture microdissection	2	29	fragment mass tolerance; precursor mass tolerance	https://www.ebi.ac.uk/pride/archive/projects/PXD040281	A Standardized and Reproducible Workflow for Membrane Glass Slides in Routine Histology and Spatial Proteomics.	passes_structural_template_check	parse_sdrf validate-sdrf --template single-cell --skip-ontology passed
PXD040455	sandbox/PXD040455/PXD040455.sdrf.tsv	46	TMTpro	NT=Data-dependent acquisition;AC=PRIDE:0000627	FACS	3	33	TMTpro channel-to-sample labels	https://www.ebi.ac.uk/pride/archive/projects/PXD040455	HyperSCP: Combining Isotopic and Isobaric Labeling for Higher Throughput Single-Cell Proteomics.	fails_structural_template_check	comment[label] requires exact TMT/TMTpro channel-to-sample mapping; left unresolved rather than guessed
PXD041328	sandbox/PXD041328/PXD041328.sdrf.tsv	75	TMT	NT=Data-dependent acquisition;AC=PRIDE:0000627	FACS	1	25	TMT channel-to-sample labels; fragment mass tolerance; precursor mass tolerance	https://www.ebi.ac.uk/pride/archive/projects/PXD041328		fails_structural_template_check	comment[label] requires exact TMT/TMTpro channel-to-sample mapping; left unresolved rather than guessed
PXD041879	sandbox/PXD041879/PXD041879.sdrf.tsv	124	label-free	NT=Data-dependent acquisition;AC=PRIDE:0000627	cellenONE	3	32	fragment mass tolerance; precursor mass tolerance	https://www.ebi.ac.uk/pride/archive/projects/PXD041879	Rapid, One-Step Sample Processing for Label-Free Single-Cell Proteomics.	passes_structural_template_check	parse_sdrf validate-sdrf --template single-cell --skip-ontology passed
PXD043355	sandbox/PXD043355/PXD043355.sdrf.tsv	148	label-free	NT=Data-dependent acquisition;AC=PRIDE:0000627	FACS	1	29	precursor mass tolerance	https://www.ebi.ac.uk/pride/archive/projects/PXD043355	Easy and Accessible Workflow for Label-Free Single-Cell Proteomics.	passes_structural_template_check	parse_sdrf validate-sdrf --template single-cell --skip-ontology passed
PXD045614	sandbox/PXD045614/PXD045614.sdrf.tsv	67	label-free	NT=Data-independent acquisition;AC=PRIDE:0000628	not applicable	3	30	single cell isolation protocol	https://www.ebi.ac.uk/pride/archive/projects/PXD045614	Single-Cell Multi-Omics Analysis of In Vitro Post-Ovulatory-Aged Oocytes Revealed Aging-Dependent Protein Degradation.	passes_structural_template_check	parse_sdrf validate-sdrf --template single-cell --skip-ontology passed
PXD045844	sandbox/PXD045844/PXD045844.sdrf.tsv	9	label-free	NT=Data-dependent acquisition;AC=PRIDE:0000627	not applicable	1	28	precursor mass tolerance; single cell isolation protocol	https://www.ebi.ac.uk/pride/archive/projects/PXD045844	Sex differences in single neuron function and proteomics profiles examined by patch-clamp and mass spectrometry in the locus coeruleus of the adult mouse.	passes_structural_template_check	parse_sdrf validate-sdrf --template single-cell --skip-ontology passed
PXD046211	sandbox/PXD046211/PXD046211.sdrf.tsv	106	TMTpro	NT=Data-dependent acquisition;AC=PRIDE:0000627	FACS	1	26	TMTpro channel-to-sample labels; collision energy; fragment mass tolerance; precursor mass tolerance	https://www.ebi.ac.uk/pride/archive/projects/PXD046211		fails_structural_template_check	comment[label] requires exact TMT/TMTpro channel-to-sample mapping; left unresolved rather than guessed
PXD046354	sandbox/PXD046354/PXD046354.sdrf.tsv	1	label-free	NT=Data-independent acquisition;AC=PRIDE:0000628	laser capture microdissection	1	29	fragment mass tolerance; precursor mass tolerance	https://www.ebi.ac.uk/pride/archive/projects/PXD046354		passes_structural_template_check	parse_sdrf validate-sdrf --template single-cell --skip-ontology passed
PXD046467	sandbox/PXD046467/PXD046467.sdrf.tsv	83	label-free	NT=Data-independent acquisition;AC=PRIDE:0000628	manual picking	0	25	collision energy; fragment mass tolerance; modification parameters; precursor mass tolerance	https://www.ebi.ac.uk/pride/archive/projects/PXD046467	Data-Independent Acquisition Shortens the Analytical Window of Single-Cell Proteomics to Fifteen Minutes in Capillary Electrophoresis Mass Spectrometry.	passes_structural_template_check	parse_sdrf validate-sdrf --template single-cell --skip-ontology passed
PXD046999	sandbox/PXD046999/PXD046999.sdrf.tsv	1	label-free	NT=Data-independent acquisition;AC=PRIDE:0000628	laser capture microdissection	3	31	fragment mass tolerance	https://www.ebi.ac.uk/pride/archive/projects/PXD046999	Spatial characterization and stratification of colorectal adenomas by deep visual proteomics.	passes_structural_template_check	parse_sdrf validate-sdrf --template single-cell --skip-ontology passed
PXD047627	sandbox/PXD047627/PXD047627.sdrf.tsv	8	label-free	NT=Data-dependent acquisition;AC=PRIDE:0000627	not applicable	3	30	fragment mass tolerance; single cell isolation protocol	https://www.ebi.ac.uk/pride/archive/projects/PXD047627	Solid-Phase Microextraction-Aided Capillary Zone Electrophoresis-Mass Spectrometry: Toward Bottom-Up Proteomics of Single Human Cells.	passes_structural_template_check	parse_sdrf validate-sdrf --template single-cell --skip-ontology passed
PXD048052	sandbox/PXD048052/PXD048052.sdrf.tsv	326	label-free	NT=Data-dependent acquisition;AC=PRIDE:0000627	not applicable	0	26	fragment mass tolerance; modification parameters; single cell isolation protocol	https://www.ebi.ac.uk/pride/archive/projects/PXD048052		passes_structural_template_check	parse_sdrf validate-sdrf --template single-cell --skip-ontology passed
PXD048162	sandbox/PXD048162/PXD048162.sdrf.tsv	15	label-free	NT=Data-independent acquisition;AC=PRIDE:0000628	not applicable	0	25	fragment mass tolerance; modification parameters; precursor mass tolerance; single cell isolation protocol	https://www.ebi.ac.uk/pride/archive/projects/PXD048162	Enhanced feature matching in single-cell proteomics characterizes IFN- response and co-existence of cell states.	passes_structural_template_check	parse_sdrf validate-sdrf --template single-cell --skip-ontology passed
PXD048179	sandbox/PXD048179/PXD048179.sdrf.tsv	159	label-free	NT=Data-independent acquisition;AC=PRIDE:0000628	FACS	0	27	fragment mass tolerance; modification parameters; precursor mass tolerance	https://www.ebi.ac.uk/pride/archive/projects/PXD048179		passes_structural_template_check	parse_sdrf validate-sdrf --template single-cell --skip-ontology passed
PXD048347	sandbox/PXD048347/PXD048347.sdrf.tsv	28	TMTpro	NT=Data-dependent acquisition;AC=PRIDE:0000627	FACS	3	30	TMTpro channel-to-sample labels	https://www.ebi.ac.uk/pride/archive/projects/PXD048347		fails_structural_template_check	comment[label] requires exact TMT/TMTpro channel-to-sample mapping; left unresolved rather than guessed
PXD048565	sandbox/PXD048565/PXD048565.sdrf.tsv	58	label-free	NT=Data-dependent acquisition;AC=PRIDE:0000627	not applicable	0	20	collision energy; fragment mass tolerance; modification parameters; precursor mass tolerance; single cell isolation protocol	https://www.ebi.ac.uk/pride/archive/projects/PXD048565	Open-tubular trap columns: towards simple and robust liquid chromatography separations for single-cell proteomics.	passes_structural_template_check	parse_sdrf validate-sdrf --template single-cell --skip-ontology passed
PXD048926	sandbox/PXD048926/PXD048926.sdrf.tsv	144	label-free	NT=Data-dependent acquisition;AC=PRIDE:0000627	not applicable	2	32	single cell isolation protocol	https://www.ebi.ac.uk/pride/archive/projects/PXD048926	Increasing Proteome Coverage Through a Reduction in Analyte Complexity in Single-Cell Equivalent Samples.	passes_structural_template_check	parse_sdrf validate-sdrf --template single-cell --skip-ontology passed
PXD049181	sandbox/PXD049181/PXD049181.sdrf.tsv	111	label-free	NT=Data-independent acquisition;AC=PRIDE:0000628	cellenONE	3	31	fragment mass tolerance; precursor mass tolerance	https://www.ebi.ac.uk/pride/archive/projects/PXD049181	Enhanced sensitivity and scalability with a Chip-Tip workflow enables deep single-cell proteomics.	passes_structural_template_check	parse_sdrf validate-sdrf --template single-cell --skip-ontology passed
PXD049211	sandbox/PXD049211/PXD049211.sdrf.tsv	188	label-free	NT=Data-independent acquisition;AC=PRIDE:0000628	cellenONE	3	31	fragment mass tolerance; precursor mass tolerance	https://www.ebi.ac.uk/pride/archive/projects/PXD049211	Enhanced sensitivity and scalability with a Chip-Tip workflow enables deep single-cell proteomics.	passes_structural_template_check	parse_sdrf validate-sdrf --template single-cell --skip-ontology passed
PXD049248	sandbox/PXD049248/PXD049248.sdrf.tsv	15	label-free	NT=Data-dependent acquisition;AC=PRIDE:0000627	cellenONE	1	32	precursor mass tolerance	https://www.ebi.ac.uk/pride/archive/projects/PXD049248	Multicolumn Nanoflow Liquid Chromatography with Accelerated Offline Gradient Generation for Robust and Sensitive Single-Cell Proteome Profiling.	passes_structural_template_check	parse_sdrf validate-sdrf --template single-cell --skip-ontology passed
PXD049412	sandbox/PXD049412/PXD049412.sdrf.tsv	357	label-free	NT=Data-independent acquisition;AC=PRIDE:0000628	FACS	1	28	fragment mass tolerance; precursor mass tolerance	https://www.ebi.ac.uk/pride/archive/projects/PXD049412	Challenging the Astral mass analyzer to quantify up to 5,300 proteins per single cell at unseen accuracy to uncover cellular heterogeneity.	passes_structural_template_check	parse_sdrf validate-sdrf --template single-cell --skip-ontology passed
PXD051795	sandbox/PXD051795/PXD051795.sdrf.tsv	1	label-free	NT=Data-independent acquisition;AC=PRIDE:0000628	laser capture microdissection	3	33	fragment mass tolerance	https://www.ebi.ac.uk/pride/archive/projects/PXD051795		passes_structural_template_check	parse_sdrf validate-sdrf --template single-cell --skip-ontology passed
PXD051942	sandbox/PXD051942/PXD051942.sdrf.tsv	1376	SILAC	NT=Data-dependent acquisition;AC=PRIDE:0000627	not applicable	1	25	SILAC channel-to-sample labels; fragment mass tolerance; precursor mass tolerance; single cell isolation protocol	https://www.ebi.ac.uk/pride/archive/projects/PXD051942		fails_structural_template_check	comment[label] requires exact TMT/TMTpro channel-to-sample mapping; left unresolved rather than guessed
PXD052341	sandbox/PXD052341/PXD052341.sdrf.tsv	5	label-free	NT=Data-independent acquisition;AC=PRIDE:0000628	laser capture microdissection	1	27	fragment mass tolerance; precursor mass tolerance	https://www.ebi.ac.uk/pride/archive/projects/PXD052341		passes_structural_template_check	parse_sdrf validate-sdrf --template single-cell --skip-ontology passed
PXD052416	sandbox/PXD052416/PXD052416.sdrf.tsv	1	label-free	NT=Data-independent acquisition;AC=PRIDE:0000628	not applicable	0	20	collision energy; fragment mass tolerance; modification parameters; precursor mass tolerance; single cell isolation protocol	https://www.ebi.ac.uk/pride/archive/projects/PXD052416	Gradient-Elution Nanoflow Liquid Chromatography Without a Binary Pump: Smoothed Step Gradients Enable Reproducible, Sensitive, and Low-Cost Separations for Single-Cell Proteomics.	passes_structural_template_check	parse_sdrf validate-sdrf --template single-cell --skip-ontology passed
PXD053023	sandbox/PXD053023/PXD053023.sdrf.tsv	2	label-free	NT=Data-dependent acquisition;AC=PRIDE:0000627	manual picking	0	26	collision energy; fragment mass tolerance; modification parameters; precursor mass tolerance	https://www.ebi.ac.uk/pride/archive/projects/PXD053023		passes_structural_template_check	parse_sdrf validate-sdrf --template single-cell --skip-ontology passed
PXD053053	sandbox/PXD053053/PXD053053.sdrf.tsv	96	TMTpro	NT=Data-dependent acquisition;AC=PRIDE:0000627	FACS	1	25	TMTpro channel-to-sample labels; fragment mass tolerance; precursor mass tolerance	https://www.ebi.ac.uk/pride/archive/projects/PXD053053	Resolving Single-Cell Gene Expression by Pseudotemporal Integration of Transcriptomic and Proteomic Datasets.	fails_structural_template_check	comment[label] requires exact TMT/TMTpro channel-to-sample mapping; left unresolved rather than guessed
PXD053079	sandbox/PXD053079/PXD053079.sdrf.tsv	3	label-free	NT=Data-independent acquisition;AC=PRIDE:0000628	laser capture microdissection	2	29	fragment mass tolerance; precursor mass tolerance	https://www.ebi.ac.uk/pride/archive/projects/PXD053079	Deep visual proteomics reveals DNA replication stress as a hallmark of signet ring cell carcinoma.	passes_structural_template_check	parse_sdrf validate-sdrf --template single-cell --skip-ontology passed
PXD053450	sandbox/PXD053450/PXD053450.sdrf.tsv	155	TMT	NT=Data-dependent acquisition;AC=PRIDE:0000627	not applicable	3	28	TMT channel-to-sample labels; fragment mass tolerance; precursor mass tolerance; single cell isolation protocol	https://www.ebi.ac.uk/pride/archive/projects/PXD053450	A Carrier-Based Quantitative Proteomics Method Applied to Biomarker Discovery in Pericardial Fluid.	fails_structural_template_check	comment[label] requires exact TMT/TMTpro channel-to-sample mapping; left unresolved rather than guessed
PXD053462	sandbox/PXD053462/PXD053462.sdrf.tsv	1	label-free	NT=Data-independent acquisition;AC=PRIDE:0000628	not applicable	0	25	fragment mass tolerance; modification parameters; precursor mass tolerance; single cell isolation protocol	https://www.ebi.ac.uk/pride/archive/projects/PXD053462	Enhanced feature matching in single-cell proteomics characterizes IFN- response and co-existence of cell states.	passes_structural_template_check	parse_sdrf validate-sdrf --template single-cell --skip-ontology passed
PXD053464	sandbox/PXD053464/PXD053464.sdrf.tsv	1	label-free	NT=Data-independent acquisition;AC=PRIDE:0000628	FACS	0	27	fragment mass tolerance; modification parameters; precursor mass tolerance	https://www.ebi.ac.uk/pride/archive/projects/PXD053464	Enhanced feature matching in single-cell proteomics characterizes IFN- response and co-existence of cell states.	passes_structural_template_check	parse_sdrf validate-sdrf --template single-cell --skip-ontology passed
PXD053473	sandbox/PXD053473/PXD053473.sdrf.tsv	1	label-free	NT=Data-independent acquisition;AC=PRIDE:0000628	not applicable	0	25	fragment mass tolerance; modification parameters; precursor mass tolerance; single cell isolation protocol	https://www.ebi.ac.uk/pride/archive/projects/PXD053473	Enhanced feature matching in single-cell proteomics characterizes IFN- response and co-existence of cell states.	passes_structural_template_check	parse_sdrf validate-sdrf --template single-cell --skip-ontology passed
PXD054066	sandbox/PXD054066/PXD054066.sdrf.tsv	123	label-free	NT=Data-independent acquisition;AC=PRIDE:0000628	cellenONE	3	31	fragment mass tolerance; precursor mass tolerance	https://www.ebi.ac.uk/pride/archive/projects/PXD054066		passes_structural_template_check	parse_sdrf validate-sdrf --template single-cell --skip-ontology passed
PXD054083	sandbox/PXD054083/PXD054083.sdrf.tsv	186	SILAC	NT=Data-dependent acquisition;AC=PRIDE:0000627	not applicable	1	25	SILAC channel-to-sample labels; fragment mass tolerance; precursor mass tolerance; single cell isolation protocol	https://www.ebi.ac.uk/pride/archive/projects/PXD054083		fails_structural_template_check	comment[label] requires exact TMT/TMTpro channel-to-sample mapping; left unresolved rather than guessed
PXD054440	sandbox/PXD054440/PXD054440.sdrf.tsv	1	label-free	NT=Data-independent acquisition;AC=PRIDE:0000628	laser capture microdissection	0	29	fragment mass tolerance; modification parameters	https://www.ebi.ac.uk/pride/archive/projects/PXD054440	Deep Visual Proteomics maps proteotoxicity in a genetic liver disease.	passes_structural_template_check	parse_sdrf validate-sdrf --template single-cell --skip-ontology passed
PXD054445	sandbox/PXD054445/PXD054445.sdrf.tsv	142	label-free	NT=Data-dependent acquisition;AC=PRIDE:0000627	FACS	2	28	fragment mass tolerance; precursor mass tolerance	https://www.ebi.ac.uk/pride/archive/projects/PXD054445	Formaldehyde Fixation Helps Preserve the Proteome State during Single-Cell Proteomics Sample Processing and Analysis.	passes_structural_template_check	parse_sdrf validate-sdrf --template single-cell --skip-ontology passed
PXD055869	sandbox/PXD055869/PXD055869.sdrf.tsv	1	label-free	NT=Data-independent acquisition;AC=PRIDE:0000628	FACS	0	27	fragment mass tolerance; modification parameters; precursor mass tolerance	https://www.ebi.ac.uk/pride/archive/projects/PXD055869	Establishment of salivary tissue-organoid biorepository: characterizing salivary gland stem/progenitor cells and novel differentiation marker PSMA/FOLH1.	passes_structural_template_check	parse_sdrf validate-sdrf --template single-cell --skip-ontology passed
PXD055915	sandbox/PXD055915/PXD055915.sdrf.tsv	238	label-free	NT=Data-dependent acquisition;AC=PRIDE:0000627	not applicable	1	26	collision energy; fragment mass tolerance; precursor mass tolerance; single cell isolation protocol	https://www.ebi.ac.uk/pride/archive/projects/PXD055915	SLB-msSIM: A Spectral Library-Based Multiplex Segmented SIM Platform for Single-Cell Proteomic Analysis.	passes_structural_template_check	parse_sdrf validate-sdrf --template single-cell --skip-ontology passed
PXD056327	sandbox/PXD056327/PXD056327.sdrf.tsv	138	label-free	NT=Data-independent acquisition;AC=PRIDE:0000628	FACS	3	31	fragment mass tolerance; precursor mass tolerance	https://www.ebi.ac.uk/pride/archive/projects/PXD056327	Formaldehyde Fixation Helps Preserve the Proteome State during Single-Cell Proteomics Sample Processing and Analysis.	passes_structural_template_check	parse_sdrf validate-sdrf --template single-cell --skip-ontology passed
PXD057118	sandbox/PXD057118/PXD057118.sdrf.tsv	1	label-free	NT=Data-independent acquisition;AC=PRIDE:0000628	laser capture microdissection	3	30	fragment mass tolerance; precursor mass tolerance	https://www.ebi.ac.uk/pride/archive/projects/PXD057118	Protocol for spatial proteomic profiling of tonsil cancer microenvironments using multiplexed imaging-powered deep visual proteomics.	passes_structural_template_check	parse_sdrf validate-sdrf --template single-cell --skip-ontology passed
PXD057685	sandbox/PXD057685/PXD057685.sdrf.tsv	2	label-free	NT=Data-dependent acquisition;AC=PRIDE:0000627	manual picking	0	26	collision energy; fragment mass tolerance; modification parameters; precursor mass tolerance	https://www.ebi.ac.uk/pride/archive/projects/PXD057685	Electrophoresis-Correlative Ion Mobility Deepens Single-Cell Proteomics in Capillary Electrophoresis Mass Spectrometry.	passes_structural_template_check	parse_sdrf validate-sdrf --template single-cell --skip-ontology passed
PXD058457	sandbox/PXD058457/PXD058457.sdrf.tsv	1	label-free	NT=Data-independent acquisition;AC=PRIDE:0000628	FACS	0	28	fragment mass tolerance; modification parameters; precursor mass tolerance	https://www.ebi.ac.uk/pride/archive/projects/PXD058457	High-Throughput Single-Cell Proteomics of In Vivo Cells.	passes_structural_template_check	parse_sdrf validate-sdrf --template single-cell --skip-ontology passed
PXD058753	sandbox/PXD058753/PXD058753.sdrf.tsv	384	label-free	NT=Data-independent acquisition;AC=PRIDE:0000628	FACS	1	30	fragment mass tolerance; precursor mass tolerance	https://www.ebi.ac.uk/pride/archive/projects/PXD058753		passes_structural_template_check	parse_sdrf validate-sdrf --template single-cell --skip-ontology passed
PXD059079	sandbox/PXD059079/PXD059079.sdrf.tsv	6	label-free	NT=Data-independent acquisition;AC=PRIDE:0000628	not applicable	0	25	collision energy; fragment mass tolerance; modification parameters; precursor mass tolerance; single cell isolation protocol	https://www.ebi.ac.uk/pride/archive/projects/PXD059079	Single-Cell Proteomic Characterization of Drug-Resistant Prostate Cancer Cells Reveals Molecular Signatures Associated with Morphological Changes.	passes_structural_template_check	parse_sdrf validate-sdrf --template single-cell --skip-ontology passed
PXD059683	sandbox/PXD059683/PXD059683.sdrf.tsv	60	label-free	NT=Data-dependent acquisition;AC=PRIDE:0000627	not applicable	3	30	single cell isolation protocol	https://www.ebi.ac.uk/pride/archive/projects/PXD059683	A reference database enabling in-depth proteome and PTM analysis of mouse immune cells.	passes_structural_template_check	parse_sdrf validate-sdrf --template single-cell --skip-ontology passed
PXD061065	sandbox/PXD061065/PXD061065.sdrf.tsv	342	label-free	NT=Data-independent acquisition;AC=PRIDE:0000628	FACS	0	25	collision energy; fragment mass tolerance; modification parameters; precursor mass tolerance	https://www.ebi.ac.uk/pride/archive/projects/PXD061065	Single cell proteomic analysis defines discrete neutrophil functional states in human glioblastoma.	passes_structural_template_check	parse_sdrf validate-sdrf --template single-cell --skip-ontology passed
PXD061710	sandbox/PXD061710/PXD061710.sdrf.tsv	1	label-free	NT=Data-independent acquisition;AC=PRIDE:0000628	cellenONE	0	27	collision energy; fragment mass tolerance; modification parameters; precursor mass tolerance	https://www.ebi.ac.uk/pride/archive/projects/PXD061710		passes_structural_template_check	parse_sdrf validate-sdrf --template single-cell --skip-ontology passed
PXD062231	sandbox/PXD062231/PXD062231.sdrf.tsv	792	label-free	NT=Data-independent acquisition;AC=PRIDE:0000628	laser capture microdissection	0	29	fragment mass tolerance; modification parameters; precursor mass tolerance	https://www.ebi.ac.uk/pride/archive/projects/PXD062231	Single-cell spatial proteomics maps human liver zonation patterns and their vulnerability to disruption in tissue architecture.	passes_structural_template_check	parse_sdrf validate-sdrf --template single-cell --skip-ontology passed
PXD062702	sandbox/PXD062702/PXD062702.sdrf.tsv	43	label-free	NT=Data-independent acquisition;AC=PRIDE:0000628	manual picking	0	26	collision energy; fragment mass tolerance; modification parameters; precursor mass tolerance	https://www.ebi.ac.uk/pride/archive/projects/PXD062702		passes_structural_template_check	parse_sdrf validate-sdrf --template single-cell --skip-ontology passed
PXD063539	sandbox/PXD063539/PXD063539.sdrf.tsv	1	label-free	NT=Data-independent acquisition;AC=PRIDE:0000628	laser capture microdissection	3	31	fragment mass tolerance	https://www.ebi.ac.uk/pride/archive/projects/PXD063539		passes_structural_template_check	parse_sdrf validate-sdrf --template single-cell --skip-ontology passed
PXD063590	sandbox/PXD063590/PXD063590.sdrf.tsv	89	TMTpro	NT=Data-dependent acquisition;AC=PRIDE:0000627	cellenONE	1	24	TMTpro channel-to-sample labels; collision energy; fragment mass tolerance; precursor mass tolerance	https://www.ebi.ac.uk/pride/archive/projects/PXD063590		fails_structural_template_check	comment[label] requires exact TMT/TMTpro channel-to-sample mapping; left unresolved rather than guessed
PXD064049	sandbox/PXD064049/PXD064049.sdrf.tsv	1	label-free	NT=Data-independent acquisition;AC=PRIDE:0000628	laser capture microdissection	0	27	fragment mass tolerance; modification parameters; precursor mass tolerance	https://www.ebi.ac.uk/pride/archive/projects/PXD064049	Extrachromosomal DNA-Driven Oncogene Dosage Heterogeneity Promotes Rapid Adaptation to Therapy in MYCN-Amplified Cancers.	passes_structural_template_check	parse_sdrf validate-sdrf --template single-cell --skip-ontology passed
PXD064499	sandbox/PXD064499/PXD064499.sdrf.tsv	24	TMT	NT=Data-dependent acquisition;AC=PRIDE:0000627	not applicable	1	22	TMT channel-to-sample labels; collision energy; fragment mass tolerance; precursor mass tolerance; single cell isolation protocol	https://www.ebi.ac.uk/pride/archive/projects/PXD064499		fails_structural_template_check	comment[label] requires exact TMT/TMTpro channel-to-sample mapping; left unresolved rather than guessed
PXD064501	sandbox/PXD064501/PXD064501.sdrf.tsv	28	TMT	NT=Data-dependent acquisition;AC=PRIDE:0000627	FACS	1	23	TMT channel-to-sample labels; collision energy; fragment mass tolerance; precursor mass tolerance	https://www.ebi.ac.uk/pride/archive/projects/PXD064501		fails_structural_template_check	comment[label] requires exact TMT/TMTpro channel-to-sample mapping; left unresolved rather than guessed
PXD064518	sandbox/PXD064518/PXD064518.sdrf.tsv	162	TMT	NT=Data-dependent acquisition;AC=PRIDE:0000627	not applicable	1	22	TMT channel-to-sample labels; collision energy; fragment mass tolerance; precursor mass tolerance; single cell isolation protocol	https://www.ebi.ac.uk/pride/archive/projects/PXD064518		fails_structural_template_check	comment[label] requires exact TMT/TMTpro channel-to-sample mapping; left unresolved rather than guessed
PXD064564	sandbox/PXD064564/PXD064564.sdrf.tsv	30	label-free	NT=Data-independent acquisition;AC=PRIDE:0000628	FACS	1	28	fragment mass tolerance; precursor mass tolerance	https://www.ebi.ac.uk/pride/archive/projects/PXD064564		passes_structural_template_check	parse_sdrf validate-sdrf --template single-cell --skip-ontology passed
PXD066993	sandbox/PXD066993/PXD066993.sdrf.tsv	1	label-free	NT=Data-independent acquisition;AC=PRIDE:0000628	laser capture microdissection	1	27	fragment mass tolerance; precursor mass tolerance	https://www.ebi.ac.uk/pride/archive/projects/PXD066993	Spatial multiomics of acute myocardial infarction reveals immune cell infiltration through the endocardium.	passes_structural_template_check	parse_sdrf validate-sdrf --template single-cell --skip-ontology passed
PXD067019	sandbox/PXD067019/PXD067019.sdrf.tsv	1	label-free	NT=Data-independent acquisition;AC=PRIDE:0000628	not applicable	0	26	fragment mass tolerance; modification parameters; precursor mass tolerance; single cell isolation protocol	https://www.ebi.ac.uk/pride/archive/projects/PXD067019		passes_structural_template_check	parse_sdrf validate-sdrf --template single-cell --skip-ontology passed
PXD067623	sandbox/PXD067623/PXD067623.sdrf.tsv	226	label-free	NT=Data-dependent acquisition;AC=PRIDE:0000627	FACS	0	23	fragment mass tolerance; modification parameters; precursor mass tolerance	https://www.ebi.ac.uk/pride/archive/projects/PXD067623	Impact of intermittent lead exposure on hominid brain evolution.	passes_structural_template_check	parse_sdrf validate-sdrf --template single-cell --skip-ontology passed
PXD069039	sandbox/PXD069039/PXD069039.sdrf.tsv	39	label-free	NT=Parallel reaction monitoring;AC=PRIDE:0000603	not applicable	1	27	single cell isolation protocol	https://www.ebi.ac.uk/pride/archive/projects/PXD069039	Correction: With or without a Ca&lt;sup&gt;2+&lt;/sup&gt; signal?: a proteomics approach toward Ca&lt;sup&gt;2+&lt;/sup&gt;dependent and independent changes in response to oxidative stress in Arabidopsis thaliana.	passes_structural_template_check	parse_sdrf validate-sdrf --template single-cell --skip-ontology passed
PXD069335	sandbox/PXD069335/PXD069335.sdrf.tsv	125	label-free	NT=Data-independent acquisition;AC=PRIDE:0000628	not applicable	1	25	collision energy; fragment mass tolerance; precursor mass tolerance; single cell isolation protocol	https://www.ebi.ac.uk/pride/archive/projects/PXD069335		passes_structural_template_check	parse_sdrf validate-sdrf --template single-cell --skip-ontology passed
PXD069842	sandbox/PXD069842/PXD069842.sdrf.tsv	1	label-free	NT=Data-independent acquisition;AC=PRIDE:0000628	not applicable	1	26	fragment mass tolerance; precursor mass tolerance; single cell isolation protocol	https://www.ebi.ac.uk/pride/archive/projects/PXD069842	Colonic spatial single-cell proteomics and murine models link mitochondrial dysfunction to dimeric IgA-secreting plasma cell deficiency in Crohn's disease.	passes_structural_template_check	parse_sdrf validate-sdrf --template single-cell --skip-ontology passed
PXD069898	sandbox/PXD069898/PXD069898.sdrf.tsv	14	label-free	NT=Data-dependent acquisition;AC=PRIDE:0000627	cellenONE	1	23	collision energy; fragment mass tolerance; precursor mass tolerance	https://www.ebi.ac.uk/pride/archive/projects/PXD069898	Spectral Cruncher: A Visualization Tool Integrating Manual Curation, Ion-Intensity Prediction, and De Novo Tag Generation.	passes_structural_template_check	parse_sdrf validate-sdrf --template single-cell --skip-ontology passed
PXD070049	sandbox/PXD070049/PXD070049.sdrf.tsv	1049	label-free	NT=Data-independent acquisition;AC=PRIDE:0000628	not applicable	1	25	collision energy; fragment mass tolerance; precursor mass tolerance; single cell isolation protocol	https://www.ebi.ac.uk/pride/archive/projects/PXD070049	Carafe2 enables high quality in silico spectral library generation for timsTOF data-independent acquisition proteomics	passes_structural_template_check	parse_sdrf validate-sdrf --template single-cell --skip-ontology passed
PXD070495	sandbox/PXD070495/PXD070495.sdrf.tsv	3	label-free	NT=Data-independent acquisition;AC=PRIDE:0000628	laser capture microdissection	1	27	fragment mass tolerance; precursor mass tolerance	https://www.ebi.ac.uk/pride/archive/projects/PXD070495	Deep visual proteomics uncovers nociceptor diversity and pain targets.	passes_structural_template_check	parse_sdrf validate-sdrf --template single-cell --skip-ontology passed
PXD071075	sandbox/PXD071075/PXD071075.sdrf.tsv	2310	label-free	NT=Data-independent acquisition;AC=PRIDE:0000628	FACS	2	27	fragment mass tolerance; precursor mass tolerance	https://www.ebi.ac.uk/pride/archive/projects/PXD071075		passes_structural_template_check	parse_sdrf validate-sdrf --template single-cell --skip-ontology passed
PXD071205	sandbox/PXD071205/PXD071205.sdrf.tsv	83	label-free	NT=Data-independent acquisition;AC=PRIDE:0000628	not applicable	1	25	collision energy; fragment mass tolerance; precursor mass tolerance; single cell isolation protocol	https://www.ebi.ac.uk/pride/archive/projects/PXD071205		passes_structural_template_check	parse_sdrf validate-sdrf --template single-cell --skip-ontology passed
PXD072559	sandbox/PXD072559/PXD072559.sdrf.tsv	1	label-free	NT=Data-independent acquisition;AC=PRIDE:0000628	laser capture microdissection	0	27	fragment mass tolerance; modification parameters; precursor mass tolerance	https://www.ebi.ac.uk/pride/archive/projects/PXD072559		passes_structural_template_check	parse_sdrf validate-sdrf --template single-cell --skip-ontology passed
PXD073018	sandbox/PXD073018/PXD073018.sdrf.tsv	21	label-free	NT=Data-independent acquisition;AC=PRIDE:0000628	not applicable	3	28	fragment mass tolerance; precursor mass tolerance; single cell isolation protocol	https://www.ebi.ac.uk/pride/archive/projects/PXD073018	Treatment of human oocytes with extracellular vesicles from follicular fluid during rescue &lt;i&gt;in vitro&lt;/i&gt; maturation enhances maturation rates and modulates oocyte proteome and ultrastructure.	passes_structural_template_check	parse_sdrf validate-sdrf --template single-cell --skip-ontology passed
PXD073405	sandbox/PXD073405/PXD073405.sdrf.tsv	46	label-free	NT=Parallel reaction monitoring;AC=PRIDE:0000603	not applicable	1	27	single cell isolation protocol	https://www.ebi.ac.uk/pride/archive/projects/PXD073405		passes_structural_template_check	parse_sdrf validate-sdrf --template single-cell --skip-ontology passed
