accession	action	sdrf_path	title	evidence_terms	pride_queries	organisms	organism_parts	diseases	instruments	experiment_types	quantification_methods	file_count	draft_row_count	pride_pubmed_ids	pride_dois	europepmc_hit_count	europepmc_first_pmid	europepmc_first_doi	europepmc_first_title	pride_url
PXD000902	sandbox_draft	sandbox/PXD000902/PXD000902.sdrf.tsv	Global absolute quantification reveals tight regulation of protein expression in single Xenopus eggs	single-cell proteomics;single-cell proteome;single oocyte/egg proteomics	single Xenopus eggs;single cell proteome;single cell proteomics;single-cell proteome;single-cell proteomic;single-cell proteomics	Xenopus laevis (african clawed frog)	Embryo; Egg		LTQ Orbitrap Velos; Q Exactive	Shotgun proteomics	Copies per cell; MS1 intensity based label-free quantification method	68	64	25056316		1	25056316	10.1093/nar/gku661	Global absolute quantification reveals tight regulation of protein expression in single Xenopus eggs.	https://www.ebi.ac.uk/pride/archive/projects/PXD000902
PXD003121	sandbox_draft	sandbox/PXD003121/PXD003121.sdrf.tsv	Human oocytes -  Identification of Maturation-Specific Proteins by Single-Cell Proteomics of Human Oocytes	single-cell proteomics	single cell proteomics;single-cell proteomic;single-cell proteomics	Homo sapiens (human)	Oocyte; Oocyte		LTQ Orbitrap Velos	Shotgun proteomics		26	21	27215607	10.1074/mcp.M115.056887	0				https://www.ebi.ac.uk/pride/archive/projects/PXD003121
PXD006905	sandbox_draft	sandbox/PXD006905/PXD006905.sdrf.tsv	Single-cell Proteomics of Developing Cells in Live Vertebrate Embryos by Microprobe High-Resolution Mass Spectrometry	single-cell proteomics	single cell proteomics;single-cell proteomic;single-cell proteomics	Danio rerio (zebrafish) (brachydanio rerio); Xenopus laevis (african clawed frog)	Embryo; Stem cell		Q Exactive Plus	Shotgun proteomics	Label free	96	94	30827088	10.1021/acs.analchem.9b00345	1	30827088	10.1021/acs.analchem.9b00345	Microsampling Capillary Electrophoresis Mass Spectrometry Enables Single-Cell Proteomics in Complex Tissues: Developing Cell Clones in Live Xenopus laevis and Zebrafish Embryos.	https://www.ebi.ac.uk/pride/archive/projects/PXD006905
PXD012101	sandbox_draft	sandbox/PXD012101/PXD012101.sdrf.tsv	Development of a sensitive, scalable method for spatial, cell-type-resolved proteomics of the human brain	single-cell proteome	single cell proteome;single-cell proteome	Homo sapiens (human)	Brain		Orbitrap Fusion Lumos	Shotgun proteomics	MS1 intensity based label-free quantification method	77	76	30768908	10.1021/acs.jproteome.8b00981	1	30768908	10.1021/acs.jproteome.8b00981	Development of a Sensitive, Scalable Method for Spatial, Cell-Type-Resolved Proteomics of the Human Brain.	https://www.ebi.ac.uk/pride/archive/projects/PXD012101
PXD014256	sandbox_draft	sandbox/PXD014256/PXD014256.sdrf.tsv	Embryonic day 15 chick utricle single cell analysis	single-cell proteomics;nanoPOTS	single cell proteomics;single-cell proteomic;single-cell proteomics	Gallus gallus (chicken)	Ear hair cell; Inner ear; Vestibular hair cell; Inner ear vestibulum		LTQ Orbitrap Elite	Shotgun proteomics		63	61	31682227	10.7554/eLife.50777	2	34373457	10.1038/s41467-021-25077-6	IceR improves proteome coverage and data completeness in global and single-cell proteomics.	https://www.ebi.ac.uk/pride/archive/projects/PXD014256
PXD015058	sandbox_draft	sandbox/PXD015058/PXD015058.sdrf.tsv	Reality of Near-Single-Cell Proteomic Interrogation of the Human Kidney	single-cell proteomics;near-single-cell proteomics	near-single-cell proteomics;single cell proteomics;single-cell proteomic;single-cell proteomics	Homo sapiens (human)	Kidney		Q Exactive	Shotgun proteomics		120	48	33072769	10.3389/fmed.2020.00499	1	33072769	10.3389/fmed.2020.00499	Near-Single-Cell Proteomics Profiling of the Proximal Tubular and Glomerulus of the Normal Human Kidney.	https://www.ebi.ac.uk/pride/archive/projects/PXD015058
PXD016573	sandbox_draft	sandbox/PXD016573/PXD016573.sdrf.tsv	Single Cell Proteomics and the Carrier Proteome Effect	single-cell proteomics;single-cell proteome;SCoPE-MS;carrier proteome SCP	SCoPE-MS;single cell proteome;single cell proteomics;single-cell proteome;single-cell proteomic;single-cell proteomics	Homo sapiens (human)	Cell culture		Orbitrap Fusion Lumos	Shotgun proteomics	TMT	141	138	33288958	10.1038/s41592-020-01002-5	0				https://www.ebi.ac.uk/pride/archive/projects/PXD016573
PXD016921	sandbox_draft	sandbox/PXD016921/PXD016921.sdrf.tsv	Improved Single Cell Proteome Coverage Using Narrow-Bore Packed NanoLC Columns and Ultrasensitive Mass Spectrometry	single-cell proteome;nanoPOTS	single cell proteome;single-cell proteome	Homo sapiens (human)	Cell culture	Cervix carcinoma	Orbitrap Eclipse	Shotgun proteomics		9	7	31913019	10.1021/acs.analchem.9b04631	2	38965444	10.1038/s41592-024-02343-1	quantms: a cloud-based pipeline for quantitative proteomics enables the reanalysis of public proteomics data.	https://www.ebi.ac.uk/pride/archive/projects/PXD016921
PXD019515	sandbox_draft	sandbox/PXD019515/PXD019515.sdrf.tsv	FAIMS single cellUltrasensitive single-cell proteomics workflow identifies >1000 protein groups per mammalian cell	single-cell proteomics;single-cell proteome;nanoPOTS	single cell proteome;single cell proteomics;single-cell proteome;single-cell proteomic;single-cell proteomics	Homo sapiens (human)	Brain; Hela cell		Orbitrap Eclipse	Shotgun proteomics		14	12			1	34163866	10.1039/d0sc03636f	Ultrasensitive single-cell proteomics workflow identifies >1000 protein groups per mammalian cell.	https://www.ebi.ac.uk/pride/archive/projects/PXD019515
PXD019958	sandbox_draft	sandbox/PXD019958/PXD019958.sdrf.tsv	Digital Microfluidic Isolation of Single Cells for -Omics	single-cell proteomics	single-cell proteomic	Homo sapiens (human)	Cell culture		Q Exactive HF-X	Shotgun proteomics		18	9	33177493	10.1038/s41467-020-19394-5	2	33177493	10.1038/s41467-020-19394-5	Digital microfluidic isolation of single cells for -Omics.	https://www.ebi.ac.uk/pride/archive/projects/PXD019958
PXD020586	sandbox_draft	sandbox/PXD020586/PXD020586.sdrf.tsv	Quantitative Single-Cell Proteomics as a Tool to Characterize Cellular Hierarchies	single-cell proteomics;single-cell mass spectrometry	single cell mass spectrometry;single cell proteomics;single-cell mass spectrometry;single-cell proteomic;single-cell proteomics	Homo sapiens (human)	Blood; Blood cell	Acute leukemia	Orbitrap Fusion; Orbitrap Exploris 480	Shotgun proteomics	TMT	297	289	34099695	10.1038/s41467-021-23667-y	1	34099695	10.1038/s41467-021-23667-y	Quantitative single-cell proteomics as a tool to characterize cellular hierarchies.	https://www.ebi.ac.uk/pride/archive/projects/PXD020586
PXD021882	sandbox_draft	sandbox/PXD021882/PXD021882.sdrf.tsv	Fully automated sample processing and analysis workflow for low-input proteome profiling	single-cell proteomics;nanoPOTS	single cell proteomics;single-cell proteomic;single-cell proteomics	Homo sapiens (human)	Blood; Cell culture		Orbitrap Exploris 480	Shotgun proteomics		56	37			2	41667442	10.1038/s41467-026-68981-5	Transfer learning in DeepLC improves LC retention time prediction across substantially different modifications and setups.	https://www.ebi.ac.uk/pride/archive/projects/PXD021882
PXD022791	sandbox_draft	sandbox/PXD022791/PXD022791.sdrf.tsv	FAIMS single cellUltrasensitive single-cell proteomics workflow identifies >1000 protein groups per mammalian cell	single-cell proteomics;single-cell proteome;nanoPOTS	single cell proteome;single cell proteomics;single-cell proteome;single-cell proteomic;single-cell proteomics	Homo sapiens (human)	Cell culture; Brain		Orbitrap Eclipse	Shotgun proteomics		27	24			0				https://www.ebi.ac.uk/pride/archive/projects/PXD022791
PXD023366	sandbox_draft	sandbox/PXD023366/PXD023366.sdrf.tsv	Single-cell quantitative proteomic analysis of oocyte maturation revealed high heterogeneities in human in vitro matured oocytes	single-cell proteomics	single cell proteomics;single-cell proteomic;single-cell proteomics	Homo sapiens (human)	Oocyte; Oocyte		Q Exactive HF	Shotgun proteomics		37	36	35809850	10.1016/j.mcpro.2022.100267	1	35809850	10.1016/j.mcpro.2022.100267	Single-Cell Quantitative Proteomic Analysis of Human Oocyte Maturation Revealed High Heterogeneity in In Vitro-Matured Oocytes.	https://www.ebi.ac.uk/pride/archive/projects/PXD023366
PXD023574	sandbox_draft	sandbox/PXD023574/PXD023574.sdrf.tsv	Comparative proteome signatures of trace samples by multiplexed Data-Independent Acquisition	single-cell proteomics	single cell proteomics;single-cell proteomic;single-cell proteomics	Saccharomyces cerevisiae (baker's yeast); Homo sapiens (human)			Orbitrap Exploris 480	SWATH MS; Shotgun proteomics	TMT	50	44	34793982	10.1016/j.mcpro.2021.100177	1	34793982	10.1016/j.mcpro.2021.100177	Comparative Proteome Signatures of Trace Samples by Multiplexed Data-Independent Acquisition.	https://www.ebi.ac.uk/pride/archive/projects/PXD023574
PXD023904	sandbox_draft	sandbox/PXD023904/PXD023904.sdrf.tsv	Deep Visual Proteomics defines single-cell identity and heterogeneity	deep visual proteomics	Deep Visual Proteomics	Homo sapiens (human)	Epithelial cell; Saliva; Skin; Cell culture	Cutaneous malignant melanoma 1	timsTOF Pro	Shotgun proteomics	Label free	9	3	35590073	10.1038/s41587-022-01302-5	3	42010243	10.1038/s41467-026-71692-6	A high-resolution spatial map of cilia-associated proteins in the human fallopian tube.	https://www.ebi.ac.uk/pride/archive/projects/PXD023904
PXD024017	sandbox_draft	sandbox/PXD024017/PXD024017.sdrf.tsv	Ultra-sensitive proteomics using second generation micro pillar array LC technology with Orbitrap ExplorisTM 480 and FAIMS	single-cell proteomics	single cell proteomics;single-cell proteomic;single-cell proteomics	Homo sapiens (human)	Cervical adenocarcinoma cell line		Orbitrap Exploris 480	Shotgun proteomics		131	45	34137250	10.1021/acs.analchem.1c00990	1	34137250	10.1021/acs.analchem.1c00990	Ultrasensitive NanoLC-MS of Subnanogram Protein Samples Using Second Generation Micropillar Array LC Technology with Orbitrap Exploris 480 and FAIMS PRO.	https://www.ebi.ac.uk/pride/archive/projects/PXD024017
PXD024043	sandbox_draft	sandbox/PXD024043/PXD024043.sdrf.tsv	Ultra-high sensitivity mass spectrometry quantifies single-cell proteome changes upon perturbation	single-cell proteome	single cell proteome;single-cell proteome	Homo sapiens (human)	Cell culture		timsTOF	All-ion fragmentation		14	8			5	38965444	10.1038/s41592-024-02343-1	quantms: a cloud-based pipeline for quantitative proteomics enables the reanalysis of public proteomics data.	https://www.ebi.ac.uk/pride/archive/projects/PXD024043
PXD025387	sandbox_draft	sandbox/PXD025387/PXD025387.sdrf.tsv	An automated workflow for label-free and multiplexed single cell proteomics sample preparation at unprecedented sensitivity.	single-cell proteomics;single-cell proteome;carrier proteome SCP;cellenONE;ProteoCHIP	single cell proteome;single cell proteomics;single-cell proteome;single-cell proteomic;single-cell proteomics	Homo sapiens (human)			Orbitrap Exploris 480	Shotgun proteomics	Label free; TMT	140	135			1	37839701	10.1016/j.mcpro.2023.100665	An Automated Nanowell-Array Workflow for Quantitative Multiplexed Single-Cell Proteomics Sample Preparation at High Sensitivity.	https://www.ebi.ac.uk/pride/archive/projects/PXD025387
PXD025481	sandbox_draft	sandbox/PXD025481/PXD025481.sdrf.tsv	Single cell chemical proteomics (SCCP) interrogates the timing and heterogeneity of cancer cell commitment to death	single-cell proteomics	single cell proteomics;single-cell proteomic;single-cell proteomics	Homo sapiens (human)	Epithelial cell	Lung adenocarcinoma	Orbitrap Fusion Lumos	Shotgun proteomics	TMT	346	325		10.1021/ACS.ANALCHEM.2C00413	1	35731985	10.1021/acs.analchem.2c00413	Single-Cell Chemical Proteomics (SCCP) Interrogates the Timing and Heterogeneity of Cancer Cell Commitment to Death.	https://www.ebi.ac.uk/pride/archive/projects/PXD025481
PXD025766	sandbox_draft	sandbox/PXD025766/PXD025766.sdrf.tsv	The use of linear ion traps in data independent acquisition methods benefits low-input proteomics	single-cell proteomics	single cell proteomics;single-cell proteomic;single-cell proteomics	Homo sapiens (human)			Orbitrap Fusion Lumos	SWATH MS		122	93			0				https://www.ebi.ac.uk/pride/archive/projects/PXD025766
PXD027135	sandbox_draft	sandbox/PXD027135/PXD027135.sdrf.tsv	Nanoparticle-aided nanoreactor for large-scale proteomics of few mammalian cells	single-cell proteomics	single cell proteomics;single-cell proteomic;single-cell proteomics	Homo sapiens (human)	Cell culture		Q Exactive HF	Shotgun proteomics		15	12	34297524	10.1021/acs.analchem.1c01704	1	34297524	10.1021/acs.analchem.1c01704	Nanoparticle-Aided Nanoreactor for Nanoproteomics.	https://www.ebi.ac.uk/pride/archive/projects/PXD027135
PXD027742	sandbox_draft	sandbox/PXD027742/PXD027742.sdrf.tsv	A deeper look at carrier proteome effects for single-cell proteomics	single-cell proteomics;carrier proteome SCP	single cell proteomics;single-cell proteomic;single-cell proteomics	Saccharomyces cerevisiae (baker's yeast); Escherichia coli; Homo sapiens (human)			Orbitrap Exploris 480	Shotgun proteomics	TMT	1202	240		10.1038/S42003-022-03095-4	2	39999392	10.1021/acs.jproteome.4c00869	Isobaric Labeling Update in MaxQuant.	https://www.ebi.ac.uk/pride/archive/projects/PXD027742
PXD027912	sandbox_draft	sandbox/PXD027912/PXD027912.sdrf.tsv	Quantitative accuracy and precision in multiplexed single-cell proteomics.	single-cell proteomics	single cell proteomics;single-cell proteomic;single-cell proteomics	Homo sapiens (human)			Orbitrap Exploris 480	SWATH MS; Shotgun proteomics	TMT	79	75	34967612	10.1021/acs.analchem.1c04174	1	34967612	10.1021/acs.analchem.1c04174	Quantitative Accuracy and Precision in Multiplexed Single-Cell Proteomics.	https://www.ebi.ac.uk/pride/archive/projects/PXD027912
PXD028991	sandbox_draft	sandbox/PXD028991/PXD028991.sdrf.tsv	New insights on the role of HCN in root hair elongation through single cell proteomics.	single-cell proteomics	single cell proteomics;single-cell proteomic;single-cell proteomics	Arabidopsis thaliana (mouse-ear cress)	Root; Plant cell		Q Exactive	Shotgun proteomics		28	18	38068690	10.3390/plants12234055	1	38068690	10.3390/plants12234055	New Insights on the Role of -Cyanoalanine Synthase CAS-C1 in Root Hair Elongation through Single-Cell Proteomics.	https://www.ebi.ac.uk/pride/archive/projects/PXD028991
PXD029320	sandbox_draft	sandbox/PXD029320/PXD029320.sdrf.tsv	Real-Time Search Assisted Acquisition on a Tribrid Mass Spectrometer Improves Coverage in Multiplexed Single-Cell Proteomics	single-cell proteomics	single cell proteomics;single-cell proteomic;single-cell proteomics	Homo sapiens (human)	Cell culture; Blood cell	Acute leukemia	Orbitrap Eclipse	Shotgun proteomics	TMT	249	97			1	35219906	10.1016/j.mcpro.2022.100219	Real-Time Search-Assisted Acquisition on a Tribrid Mass Spectrometer Improves Coverage in Multiplexed Single-Cell Proteomics.	https://www.ebi.ac.uk/pride/archive/projects/PXD029320
PXD029729	sandbox_draft	sandbox/PXD029729/PXD029729.sdrf.tsv	In-depth mass spectrometry-based proteomics of formalin-fixed, paraffin embedded tissues with a spatial resolution of 50200 m	single-cell proteomics;nanoPOTS	single cell proteomics;single-cell proteomic;single-cell proteomics	Mus musculus (mouse)	Liver		Orbitrap Exploris 480	Shotgun proteomics		53	48		10.1021/ACS.JPROTEOME.2C00409	1	35916235	10.1021/acs.jproteome.2c00409	In-Depth Mass Spectrometry-Based Proteomics of Formalin-Fixed, Paraffin-Embedded Tissues with a Spatial Resolution of 50-200 m.	https://www.ebi.ac.uk/pride/archive/projects/PXD029729
PXD030607	sandbox_draft	sandbox/PXD030607/PXD030607.sdrf.tsv	Capillary Electrophoresis Mass Spectrometry for Scalable Single-Cell Proteomics	single-cell proteomics	single cell proteomics;single-cell proteomic;single-cell proteomics	Mus musculus (mouse); Xenopus laevis (african clawed frog)	Embryo; Early embryonic cell; Brain		Orbitrap Fusion Lumos; Q Exactive	Shotgun proteomics		37	15		10.3389/FCHEM.2022.863979	0				https://www.ebi.ac.uk/pride/archive/projects/PXD030607
PXD031955	sandbox_draft	sandbox/PXD031955/PXD031955.sdrf.tsv	Capillary Electrophoresis Mass Spectrometry for Scalable Single-Cell Proteomics	single-cell proteomics	single cell proteomics;single-cell proteomic;single-cell proteomics	Mus musculus (mouse); Xenopus laevis (african clawed frog)	Hippocampal neuron; Embryo; Early embryonic cell; Brain		Orbitrap Fusion Lumos; Q Exactive	Shotgun proteomics	Spectrum counting	46	18			1	35464213	10.3389/fchem.2022.863979	Capillary Electrophoresis Mass Spectrometry for Scalable Single-Cell Proteomics.	https://www.ebi.ac.uk/pride/archive/projects/PXD031955
PXD034370	sandbox_draft	sandbox/PXD034370/PXD034370.sdrf.tsv	Microscopy-based functional single cell proteomic profiling of cells with abnormal DNA damage response dynamics	single-cell proteomics;single-cell proteome;SCoPE-MS	SCoPE-MS;single cell proteome;single cell proteomics;single-cell proteome;single-cell proteomic;single-cell proteomics	Homo sapiens (human)			Orbitrap Fusion Lumos	Shotgun proteomics	TMT	44	34			2	41667442	10.1038/s41467-026-68981-5	Transfer learning in DeepLC improves LC retention time prediction across substantially different modifications and setups.	https://www.ebi.ac.uk/pride/archive/projects/PXD034370
PXD035339	sandbox_draft	sandbox/PXD035339/PXD035339.sdrf.tsv	On-capillary cell lysis enables top-down proteomic analysis of single HeLa cells by CE-MS/MS	single-cell proteomics;single-cell proteome	single cell proteome;single cell proteomics;single-cell proteome;single-cell proteomic;single-cell proteomics	Homo sapiens (human)	Hela cell; Monocytic leukemia cell		Orbitrap Fusion Lumos	Top-down proteomics		47	23	36194750	10.1021/acs.analchem.2c03045	1	36194750	10.1021/acs.analchem.2c03045	On-capillary Cell Lysis Enables Top-down Proteomic Analysis of Single Mammalian Cells by CE-MS/MS.	https://www.ebi.ac.uk/pride/archive/projects/PXD035339
PXD037527	sandbox_draft	sandbox/PXD037527/PXD037527.sdrf.tsv	Wide-Window Acquisition Improves Proteome Coverage and Measurement  Throughput for Label-Free Single-Cell Proteomics	single-cell proteomics;nanoPOTS;cellenONE	single cell proteomics;single-cell proteomic;single-cell proteomics	Homo sapiens (human)			Orbitrap Exploris 480	Shotgun proteomics		348	331	37380610	10.1002/ANIE.202303415;10.1002/anie.202303415	4	40019391	10.1021/acs.jproteome.4c00854	MSConnect: Open-Source, End-to-End Platform for Automated Mass Spectrometry Data Management, Analysis, and Visualization.	https://www.ebi.ac.uk/pride/archive/projects/PXD037527
PXD037985	sandbox_draft	sandbox/PXD037985/PXD037985.sdrf.tsv	Wide Window Acquisition and AI-based data analysis to reach deep proteome coverage for a wide sample range, including single cell proteomic inputs  Co-immunoprecipitation samples	single-cell proteomics	single-cell proteomic	Mus musculus (mouse)	Embryonic stem cell; Cell culture		Orbitrap Exploris 480	Affinity purification coupled with mass spectrometry proteomics	Label free	51	18	38310095	10.1038/s41467-024-45391-z	1	38310095	10.1038/s41467-024-45391-z	Micropillar arrays, wide window acquisition and AI-based data analysis improve comprehensiveness in multiple proteomic applications.	https://www.ebi.ac.uk/pride/archive/projects/PXD037985
PXD038632	sandbox_draft	sandbox/PXD038632/PXD038632.sdrf.tsv	Robust dimethyl-based multiplex-DIA doubles single-cell proteome depth via a reference channel	single-cell proteomics;single-cell proteome;deep visual proteomics	Deep Visual Proteomics;single cell proteome;single cell proteomics;single-cell proteome;single-cell proteomic;single-cell proteomics	Homo sapiens (human)	Cell culture		Bruker Daltonics timsTOF series; timsTOF SCP; Orbitrap Exploris 480	Shotgun proteomics	Label free; MS1 intensity based label-free quantification method; Multiplexed quantification value; Dimethyl Labeling	34	15		10.15252/MSB.202211503	2	37602975	10.15252/msb.202211503	Robust dimethyl-based multiplex-DIA doubles single-cell proteome depth via a reference channel.	https://www.ebi.ac.uk/pride/archive/projects/PXD038632
PXD038699	sandbox_draft	sandbox/PXD038699/PXD038699.sdrf.tsv	Spatial single-cell mass spectrometry defines zonation of the hepatocyte proteome	single-cell proteomics;single-cell mass spectrometry;deep visual proteomics	Deep Visual Proteomics;single cell mass spectrometry;single cell proteomics;single-cell mass spectrometry;single-cell proteomic;single-cell proteomics	Mus musculus (mouse)	Liver; Hepatocyte		Bruker Daltonics timsTOF series; timsTOF SCP	SWATH MS	Dimethyl Labeling	9	1		10.1038/S41592-023-02007-6	1	37783884	10.1038/s41592-023-02007-6	Spatial single-cell mass spectrometry defines zonation of the hepatocyte proteome.	https://www.ebi.ac.uk/pride/archive/projects/PXD038699
PXD039066	sandbox_draft	sandbox/PXD039066/PXD039066.sdrf.tsv	Optimizing single cell proteomics on a trapped ion mobility spectrometry for label-free experiments	single-cell proteomics;cellenONE	single cell proteomics;single-cell proteomic;single-cell proteomics	Homo sapiens (human)	Blood; T cell; Primary cell		timsTOF SCP	Shotgun proteomics		23	1	37395315	10.1039/d3an00080j	0				https://www.ebi.ac.uk/pride/archive/projects/PXD039066
PXD039208	sandbox_draft	sandbox/PXD039208/PXD039208.sdrf.tsv	Label-Free Single Cell Proteomics Utilizing Ultrafast LC and MS Instrumentation: A Valuable Complementary Technique to Multiplexing.	single-cell proteomics;single-cell mass spectrometry	single cell mass spectrometry;single cell proteomics;single-cell mass spectrometry;single-cell proteomic;single-cell proteomics	Homo sapiens (human)	Epithelial cell	Cervix carcinoma	Q Exactive	Shotgun proteomics		64	60			1	36806919	10.1002/pmic.202200162	Label-free single cell proteomics utilizing ultrafast LC and MS instrumentation: A valuable complementary technique to multiplexing.	https://www.ebi.ac.uk/pride/archive/projects/PXD039208
PXD040281	sandbox_draft	sandbox/PXD040281/PXD040281.sdrf.tsv	A standardized and reproducible workflow for membrane glass slides in routine histology and spatial proteomics	deep visual proteomics	Deep Visual Proteomics	Homo sapiens (human)	Skin; Keratinocyte; Tonsil		timsTOF Pro 2; timsTOF SCP	Shotgun proteomics	Label free	7	1	37683827	10.1016/j.mcpro.2023.100643	1	37683827	10.1016/j.mcpro.2023.100643	A Standardized and Reproducible Workflow for Membrane Glass Slides in Routine Histology and Spatial Proteomics.	https://www.ebi.ac.uk/pride/archive/projects/PXD040281
PXD040455	sandbox_draft	sandbox/PXD040455/PXD040455.sdrf.tsv	HyperSCP: Combining Isotopic and Isobaric Labeling for Higher Throughput Single-Cell Proteomics	single-cell proteomics;cellenONE	single cell proteomics;single-cell proteomic;single-cell proteomics	Homo sapiens (human)	Epithelial cell; Cell culture; Fibroblast; Lymphoblast		Orbitrap Exploris 480	Shotgun proteomics; Top-down proteomics	TMT	54	46	37167627	10.1021/acs.analchem.3c00906	1	37167627	10.1021/acs.analchem.3c00906	HyperSCP: Combining Isotopic and Isobaric Labeling for Higher Throughput Single-Cell Proteomics.	https://www.ebi.ac.uk/pride/archive/projects/PXD040455
PXD041328	sandbox_draft	sandbox/PXD041328/PXD041328.sdrf.tsv	Deciphering lineage specification during early embryogenesis using multi-layered proteomics	single-cell proteomics;cellenONE;ProteoCHIP	single cell proteomics;single-cell proteomic;single-cell proteomics	Mus musculus (mouse)	Embryo		Orbitrap Eclipse	Shotgun proteomics	TMT	76	75		10.1016/J.STEM.2024.04.017	0				https://www.ebi.ac.uk/pride/archive/projects/PXD041328
PXD041879	sandbox_draft	sandbox/PXD041879/PXD041879.sdrf.tsv	Rapid, One-step Sample Processing for Label-Free Single-Cell Proteomics	single-cell proteomics;nanoPOTS;cellenONE	single cell proteomics;single-cell proteomic;single-cell proteomics	Homo sapiens (human)	Epithelial cell		Orbitrap Exploris 480; Orbitrap Eclipse	Shotgun proteomics		130	124	37410391	10.1021/jasms.3c00159	1	37410391	10.1021/jasms.3c00159	Rapid, One-Step Sample Processing for Label-Free Single-Cell Proteomics.	https://www.ebi.ac.uk/pride/archive/projects/PXD041879
PXD043355	sandbox_draft	sandbox/PXD043355/PXD043355.sdrf.tsv	Easy and Accessible Workflow for Label-Free Single-Cell Proteomics	single-cell proteomics	single cell proteomics;single-cell proteomic;single-cell proteomics	Homo sapiens (human)	Jurkat cell; Hela cell		Orbitrap Exploris 480	Shotgun proteomics		158	148	37594399	10.1021/jasms.3c00240	1	37594399	10.1021/jasms.3c00240	Easy and Accessible Workflow for Label-Free Single-Cell Proteomics.	https://www.ebi.ac.uk/pride/archive/projects/PXD043355
PXD043473	updated_existing_dataset	datasets/PXD043473	Towards Single Bacterium Proteomics	single-cell proteomics;single bacterium proteomics	single bacterium proteomics;single cell proteomics;single-cell proteomic;single-cell proteomics	Escherichia coli			Orbitrap Fusion Lumos; Q Exactive HF	Shotgun proteomics	TMT	22			10.1021/JASMS.3C00242	1	37713396	10.1021/jasms.3c00242	Toward Single Bacterium Proteomics.	https://www.ebi.ac.uk/pride/archive/projects/PXD043473
PXD045614	sandbox_draft	sandbox/PXD045614/PXD045614.sdrf.tsv	Single-cell proteomics analysis of melatonin-treated and MG132-treated in vitro post-ovulatory aged oocytes	single-cell proteomics;single oocyte/egg proteomics	single cell proteomics;single-cell proteomic;single-cell proteomics	Mus musculus (mouse)	Oocyte; Oocyte		Orbitrap Fusion Lumos	SWATH MS; Shotgun proteomics	Data-independent acquisition	70	67	39571909	10.1016/j.mcpro.2024.100882	1	39571909	10.1016/j.mcpro.2024.100882	Single-Cell Multi-Omics Analysis of In Vitro Post-Ovulatory-Aged Oocytes Revealed Aging-Dependent Protein Degradation.	https://www.ebi.ac.uk/pride/archive/projects/PXD045614
PXD045844	sandbox_draft	sandbox/PXD045844/PXD045844.sdrf.tsv	Sex Differences in Single Neuron Function and Proteomics Profiles Examined by Patch-Clamp and Mass Spectrometry in the Locus Coeruleus of the Adult Mouse	single-cell proteomics	single cell proteomics;single-cell proteomic;single-cell proteomics	Mus musculus (mouse)	Neuron; Brain		Orbitrap Eclipse	Shotgun proteomics	Label free	19	9	38459766	10.1111/apha.14123	2	38459766	10.1111/apha.14123	Sex differences in single neuron function and proteomics profiles examined by patch-clamp and mass spectrometry in the locus coeruleus of the adult mouse.	https://www.ebi.ac.uk/pride/archive/projects/PXD045844
PXD046211	sandbox_draft	sandbox/PXD046211/PXD046211.sdrf.tsv	Benchmarking of single cell proteomics data analysis workflows	single-cell proteomics;SCoPE-MS	SCoPE2;single cell proteomics;single-cell proteomic;single-cell proteomics	Homo sapiens (human)	Cell culture; Monocyte	Lymphoma; Acute leukemia	Orbitrap Fusion Lumos; Orbitrap Exploris 240; timsTOF SCP	Shotgun proteomics	TMT	130	106		10.48550/ARXIV.2310.13598	0				https://www.ebi.ac.uk/pride/archive/projects/PXD046211
PXD046354	sandbox_draft	sandbox/PXD046354/PXD046354.sdrf.tsv	Deep Visual Proteomics and spatial transcriptomics reveal the landscape of tumor malignancy in borderline ovarian cancer	deep visual proteomics	Deep Visual Proteomics	Homo sapiens (human)	Epithelial cell; Ovary cancer cell; Ovarian low malignant potential tumor cell; Stromal cell	Ovarian cancer	timsTOF SCP	Bottom-up proteomics	Label free	7	1			0				https://www.ebi.ac.uk/pride/archive/projects/PXD046354
PXD046467	sandbox_draft	sandbox/PXD046467/PXD046467.sdrf.tsv	The 15-min Subcellular Proteome	single-cell proteomics;single-cell proteome	single cell proteome;single cell proteomics;single-cell proteome;single-cell proteomic;single-cell proteomics	Homo sapiens (human); Xenopus laevis (african clawed frog)	Embryo		Q Exactive	Bottom-up proteomics		100	83		10.1021/ACS.JPROTEOME.4C00491	1	39325989	10.1021/acs.jproteome.4c00491	Data-Independent Acquisition Shortens the Analytical Window of Single-Cell Proteomics to Fifteen Minutes in Capillary Electrophoresis Mass Spectrometry.	https://www.ebi.ac.uk/pride/archive/projects/PXD046467
PXD046999	sandbox_draft	sandbox/PXD046999/PXD046999.sdrf.tsv	Spatial characterization and stratification of colorectal adenomas by Deep Visual Proteomics	deep visual proteomics	Deep Visual Proteomics	Homo sapiens (human)	Epithelial cell; Colon; Cell culture; Stromal cell	Colorectal adenoma	timsTOF SCP	Data-independent acquisition; Bottom-up proteomics; Data-dependent acquisition	Label free; Data-dependent acquisition; diaPASEF	34	1			1	39252972	10.1016/j.isci.2024.110620	Spatial characterization and stratification of colorectal adenomas by deep visual proteomics.	https://www.ebi.ac.uk/pride/archive/projects/PXD046999
PXD047627	sandbox_draft	sandbox/PXD047627/PXD047627.sdrf.tsv	Solid phase microextraction-aided capillary zone electrophoresis-mass spectrometry: ready for bottom-up proteomics of single human cells	single-cell proteomics	single cell proteomics;single-cell proteomic;single-cell proteomics	Homo sapiens (human)	Hela cell		Q Exactive HF	Bottom-up proteomics		17	8	38514245	10.1021/jasms.3c00429	1	38514245	10.1021/jasms.3c00429	Solid-Phase Microextraction-Aided Capillary Zone Electrophoresis-Mass Spectrometry: Toward Bottom-Up Proteomics of Single Human Cells.	https://www.ebi.ac.uk/pride/archive/projects/PXD047627
PXD048052	sandbox_draft	sandbox/PXD048052/PXD048052.sdrf.tsv	A zwitterionic detergent and catalyst-based single-cell proteomics using a loss-free microhole-collection disc	single-cell proteomics	single cell proteomics;single-cell proteomic;single-cell proteomics	Homo sapiens (human)	Permanent cell line cell; Cell culture		Q Exactive HF	Shotgun proteomics	TMT	330	326	38991018	10.1021/acs.analchem.4c00158	0				https://www.ebi.ac.uk/pride/archive/projects/PXD048052
PXD048162	sandbox_draft	sandbox/PXD048162/PXD048162.sdrf.tsv	Enhanced feature matching in single-cell proteomics characterizes response to IFN- and reveals co-existence of different cell states-Bulk Proteomics experiment	single-cell proteomics	single cell proteomics;single-cell proteomic;single-cell proteomics	Homo sapiens (human)	Epithelial cell	Osteosarcoma	Orbitrap Fusion	Bottom-up proteomics; Data-dependent acquisition	MS1 intensity based label-free quantification method	19	15			1	39327420	10.1038/s41467-024-52605-x	Enhanced feature matching in single-cell proteomics characterizes IFN- response and co-existence of cell states.	https://www.ebi.ac.uk/pride/archive/projects/PXD048162
PXD048179	sandbox_draft	sandbox/PXD048179/PXD048179.sdrf.tsv	Enhanced feature matching in single-cell proteomics characterizes response to IFN- and reveals co-existence of different cell states-single cell Proteomics experiment	single-cell proteomics	single cell proteomics;single-cell proteomic;single-cell proteomics	Homo sapiens (human)	Epithelial cell	Osteosarcoma	timsTOF Pro	Data-independent acquisition; Bottom-up proteomics	Label free	161	159			0				https://www.ebi.ac.uk/pride/archive/projects/PXD048179
PXD048347	sandbox_draft	sandbox/PXD048347/PXD048347.sdrf.tsv	Deciphering lineage specification during early embryogenesis using multi-layered proteomics	single-cell proteomics;cellenONE;ProteoCHIP	single cell proteomics;single-cell proteomic;single-cell proteomics	Mus musculus (mouse)			Orbitrap Eclipse	Bottom-up proteomics	TMT	30	28		10.1016/J.STEM.2024.04.017	0				https://www.ebi.ac.uk/pride/archive/projects/PXD048347
PXD048565	sandbox_draft	sandbox/PXD048565/PXD048565.sdrf.tsv	Open-Tubular Trap Columns: Towards Simple and Robust Liquid Chromatography Separations for Single-Cell Proteomics	single-cell proteomics	single cell proteomics;single-cell proteomic;single-cell proteomics	Homo sapiens (human)			Orbitrap Exploris 480	Bottom-up proteomics		72	58		10.1039/D3MO00249G	1	38353725	10.1039/d3mo00249g	Open-tubular trap columns: towards simple and robust liquid chromatography separations for single-cell proteomics.	https://www.ebi.ac.uk/pride/archive/projects/PXD048565
PXD048926	sandbox_draft	sandbox/PXD048926/PXD048926.sdrf.tsv	Increasing Proteome Coverage Through a Reduction in Analyte Complexity and Its Applications for Single-Cell Proteomics	single-cell proteomics	single cell proteomics;single-cell proteomic;single-cell proteomics	Homo sapiens (human)	Epithelial cell; Uterine cervix; Cell culture		Orbitrap Exploris 480	Shotgun proteomics; Bottom-up proteomics		187	144		10.1021/ACS.JPROTEOME.4C00062	1	38832920	10.1021/acs.jproteome.4c00062	Increasing Proteome Coverage Through a Reduction in Analyte Complexity in Single-Cell Equivalent Samples.	https://www.ebi.ac.uk/pride/archive/projects/PXD048926
PXD049181	sandbox_draft	sandbox/PXD049181/PXD049181.sdrf.tsv	Deep single-cell proteomics quantifies low-abundant embryonic transcription factors and lineage markers during induced pluripotent stem cell differentiation	single-cell proteomics;cellenONE;ProteoCHIP	single cell proteomics;single-cell proteomic;single-cell proteomics	Homo sapiens (human)	Cell culture		Orbitrap Astral	Data-independent acquisition		115	111			1	39820750	10.1038/s41592-024-02558-2	Enhanced sensitivity and scalability with a Chip-Tip workflow enables deep single-cell proteomics.	https://www.ebi.ac.uk/pride/archive/projects/PXD049181
PXD049211	sandbox_draft	sandbox/PXD049211/PXD049211.sdrf.tsv	Deep single-cell proteomics quantifies low-abundant embryonic transcription factors and lineage markers during induced pluripotent stem cell differentiation	single-cell proteomics;cellenONE;ProteoCHIP	single cell proteomics;single-cell proteomic;single-cell proteomics	Homo sapiens (human)	Cell culture		Orbitrap Astral	Data-independent acquisition		205	188			1	39820750	10.1038/s41592-024-02558-2	Enhanced sensitivity and scalability with a Chip-Tip workflow enables deep single-cell proteomics.	https://www.ebi.ac.uk/pride/archive/projects/PXD049211
PXD049248	sandbox_draft	sandbox/PXD049248/PXD049248.sdrf.tsv	Multicolumn Nanoflow Liquid Chromatography System with Accelerated Offline Gradient Generation for Robust and Sensitive Single-Cell Proteome Profiling	single-cell proteomics;single-cell proteome;cellenONE	single cell proteome;single cell proteomics;single-cell proteome;single-cell proteomic;single-cell proteomics	Homo sapiens (human)	Epithelial cell	Cervix carcinoma	Orbitrap Exploris 480	Bottom-up proteomics	TIC	21	15	38915247	10.1021/acs.analchem.4c00878	1	38915247	10.1021/acs.analchem.4c00878	Multicolumn Nanoflow Liquid Chromatography with Accelerated Offline Gradient Generation for Robust and Sensitive Single-Cell Proteome Profiling.	https://www.ebi.ac.uk/pride/archive/projects/PXD049248
PXD049412	sandbox_draft	sandbox/PXD049412/PXD049412.sdrf.tsv	Challenging the Astral mass analyzer  up to 5300 proteins per single-cell at unseen quantitative accuracy to study cellular heterogeneity.	single-cell proteomics;cellenONE	single cell proteomics;single-cell proteomic;single-cell proteomics	Saccharomyces cerevisiae (baker's yeast); Homo sapiens (human)	Epithelial cell; Stem cell	Lung cancer	Orbitrap Astral; Orbitrap Exploris 480	Data-independent acquisition; Bottom-up proteomics	MS1 intensity based label-free quantification method	635	357		10.1038/S41592-024-02559-1	2	39820751	10.1038/s41592-024-02559-1	Challenging the Astral mass analyzer to quantify up to 5,300 proteins per single cell at unseen accuracy to uncover cellular heterogeneity.	https://www.ebi.ac.uk/pride/archive/projects/PXD049412
PXD051795	sandbox_draft	sandbox/PXD051795/PXD051795.sdrf.tsv	Single-cell-type Spatial Proteomics Unveils Precision Medicine Insights in Composite Small Lymphocytic and Classical Hodgkin Lymphoma	single-cell proteomics;deep visual proteomics	Deep Visual Proteomics;single cell proteomics;single-cell proteomic;single-cell proteomics	Homo sapiens (human)	Lymph node; B cell	Lymphoma	timsTOF Pro	Data-independent acquisition; Data-dependent acquisition	Label free	5	1			0				https://www.ebi.ac.uk/pride/archive/projects/PXD051795
PXD051942	sandbox_draft	sandbox/PXD051942/PXD051942.sdrf.tsv	Global analysis of protein turnover dynamics in single cells	single-cell proteomics	single cell proteomics;single-cell proteomic;single-cell proteomics	Homo sapiens (human)	Cell culture		Orbitrap Astral	Bottom-up proteomics		1393	1376			0				https://www.ebi.ac.uk/pride/archive/projects/PXD051942
PXD052341	sandbox_draft	sandbox/PXD052341/PXD052341.sdrf.tsv	Deep Visual Proteomics advances human colon organoid  models by revealing a switch to an in vivo-like phenotype upon xenotransplantation	deep visual proteomics	Deep Visual Proteomics	Homo sapiens (human)	Epithelial cell; Colon		Orbitrap Astral	Data-independent acquisition; Bottom-up proteomics	Label free	11	5			0				https://www.ebi.ac.uk/pride/archive/projects/PXD052341
PXD052416	sandbox_draft	sandbox/PXD052416/PXD052416.sdrf.tsv	Chromatography without a Binary Pump: Smoothed Step Gradients Enable Reproducible, Sensitive, and Low-Cost Nanoflow Separations	single-cell proteomics;single-cell proteome	single cell proteome;single cell proteomics;single-cell proteome;single-cell proteomic;single-cell proteomics	Homo sapiens (human)			timsTOF Ultra	Bottom-up proteomics		153	1	39536954	10.1016/j.mcpro.2024.100880	1	39536954	10.1016/j.mcpro.2024.100880	Gradient-Elution Nanoflow Liquid Chromatography Without a Binary Pump: Smoothed Step Gradients Enable Reproducible, Sensitive, and Low-Cost Separations for Single-Cell Proteomics.	https://www.ebi.ac.uk/pride/archive/projects/PXD052416
PXD053023	sandbox_draft	sandbox/PXD053023/PXD053023.sdrf.tsv	Electrophoresis-Correlative Framing of Ion Mobility Deepens Single-Cell Mass Spectrometry Proteomics	single-cell proteome;single-cell mass spectrometry	single cell mass spectrometry;single cell proteome;single-cell mass spectrometry;single-cell proteome	Homo sapiens (human); Xenopus laevis (african clawed frog)	Cell culture		timsTOF	Bottom-up proteomics; Data-dependent acquisition		8	2		10.1016/J.MCPRO.2024.100892	0				https://www.ebi.ac.uk/pride/archive/projects/PXD053023
PXD053053	sandbox_draft	sandbox/PXD053053/PXD053053.sdrf.tsv	Multiplexed single cell proteomics of hypoxia in HEK293 expressing PIP-FUCCI	single-cell proteomics;single-cell mass spectrometry;SCoPE-MS	SCoPE2;single cell mass spectrometry;single cell proteomics;single-cell mass spectrometry;single-cell proteomic;single-cell proteomics	Homo sapiens (human)			Orbitrap Eclipse	Bottom-up proteomics; Data-dependent acquisition		109	96	41317903	10.1016/j.mcpro.2025.101475	1	41317903	10.1016/j.mcpro.2025.101475	Resolving Single-Cell Gene Expression by Pseudotemporal Integration of Transcriptomic and Proteomic Datasets.	https://www.ebi.ac.uk/pride/archive/projects/PXD053053
PXD053079	sandbox_draft	sandbox/PXD053079/PXD053079.sdrf.tsv	Deep Visual Proteomics reveals DNA replication stress as a hallmark of Signet Ring Cell Carcinoma	deep visual proteomics	Deep Visual Proteomics	Homo sapiens (human)	Lymph node; Urinary bladder; Malignant cell; Prostate cancer cell; Seminal vesicle	Signet ring cell adenocarcinoma	Orbitrap Astral	Bottom-up proteomics; diaPASEF	Label free	10	3	39910169	10.1038/s41698-025-00819-7	1	39910169	10.1038/s41698-025-00819-7	Deep visual proteomics reveals DNA replication stress as a hallmark of signet ring cell carcinoma.	https://www.ebi.ac.uk/pride/archive/projects/PXD053079
PXD053450	sandbox_draft	sandbox/PXD053450/PXD053450.sdrf.tsv	A carrier-based quantitative proteomics method applied to biomarker discovery in pericardial fluid	single-cell proteomics;carrier proteome SCP	single cell proteomics;single-cell proteomic;single-cell proteomics	Homo sapiens (human)	Myocardium; Pericardial fluid; Pericardium; Heart	Type 2 diabetes mellitus; Heart failure	Orbitrap Exploris 480	Bottom-up proteomics; Data-dependent acquisition	TMT	203	155	39004188	10.1016/j.mcpro.2024.100812	1	39004188	10.1016/j.mcpro.2024.100812	A Carrier-Based Quantitative Proteomics Method Applied to Biomarker Discovery in Pericardial Fluid.	https://www.ebi.ac.uk/pride/archive/projects/PXD053450
PXD053462	sandbox_draft	sandbox/PXD053462/PXD053462.sdrf.tsv	Enhanced feature matching in single-cell proteomics characterizes response to IFN- and reveals co-existence of different cell states- E.coli spike benchmark Proteomics experiment_Vendor Files	single-cell proteomics	single cell proteomics;single-cell proteomic;single-cell proteomics	Homo sapiens (human)	Epithelial cell; Cell culture	Cervix carcinoma	timsTOF Pro 2	Data-independent acquisition; Bottom-up proteomics; diaPASEF	Spectrum counting; Peptide counting	58	1			1	39327420	10.1038/s41467-024-52605-x	Enhanced feature matching in single-cell proteomics characterizes IFN- response and co-existence of cell states.	https://www.ebi.ac.uk/pride/archive/projects/PXD053462
PXD053464	sandbox_draft	sandbox/PXD053464/PXD053464.sdrf.tsv	Enhanced feature matching in single-cell proteomics characterizes response to IFN- and reveals co-existence of different cell states-single cell Proteomics experiment Vendor Files	single-cell proteomics	single cell proteomics;single-cell proteomic;single-cell proteomics	Homo sapiens (human)	Bone cell	Osteosarcoma	timsTOF Pro 2	Data-independent acquisition; Bottom-up proteomics; diaPASEF	Spectrum counting; Peptide counting	204	1			1	39327420	10.1038/s41467-024-52605-x	Enhanced feature matching in single-cell proteomics characterizes IFN- response and co-existence of cell states.	https://www.ebi.ac.uk/pride/archive/projects/PXD053464
PXD053473	sandbox_draft	sandbox/PXD053473/PXD053473.sdrf.tsv	Enhanced feature matching in single-cell proteomics characterizes response to IFN- and reveals co-existence of different cell states - IFNy-200pg Vendor files	single-cell proteomics	single cell proteomics;single-cell proteomic;single-cell proteomics	Homo sapiens (human)	Bone cell	Osteosarcoma	timsTOF Pro 2	Data-independent acquisition; Bottom-up proteomics; diaPASEF	Spectrum counting; Peptide counting	104	1			1	39327420	10.1038/s41467-024-52605-x	Enhanced feature matching in single-cell proteomics characterizes IFN- response and co-existence of cell states.	https://www.ebi.ac.uk/pride/archive/projects/PXD053473
PXD054066	sandbox_draft	sandbox/PXD054066/PXD054066.sdrf.tsv	Deep single-cell proteomics quantifies low-abundant embryonic transcription factors and lineage markers during induced pluripotent stem cell differentiation	single-cell proteomics;cellenONE;ProteoCHIP	single cell proteomics;single-cell proteomic;single-cell proteomics	Homo sapiens (human)	Cell culture		Orbitrap Astral	Bottom-up proteomics		128	123			0				https://www.ebi.ac.uk/pride/archive/projects/PXD054066
PXD054083	sandbox_draft	sandbox/PXD054083/PXD054083.sdrf.tsv	Global analysis of protein turnover dynamics in single cells	single-cell proteomics	single cell proteomics;single-cell proteomic;single-cell proteomics	Homo sapiens (human)	Cell culture		Orbitrap Astral	Bottom-up proteomics		201	186			0				https://www.ebi.ac.uk/pride/archive/projects/PXD054083
PXD054440	sandbox_draft	sandbox/PXD054440/PXD054440.sdrf.tsv	The proteomic landscape of proteotoxic stress in a fibrogenic liver disease	deep visual proteomics	Deep Visual Proteomics	Homo sapiens (human)	Liver; Hepatocyte	Alpha 1-antitrypsin deficiency	Orbitrap Astral	Data-independent acquisition; Bottom-up proteomics		8	1			1	40240610	10.1038/s41586-025-08885-4	Deep Visual Proteomics maps proteotoxicity in a genetic liver disease.	https://www.ebi.ac.uk/pride/archive/projects/PXD054440
PXD054445	sandbox_draft	sandbox/PXD054445/PXD054445.sdrf.tsv	Formaldehyde fixation helps preserving proteome state during single-cell proteomics sample processing and analysis	single-cell proteomics;cellenONE	single cell proteomics;single-cell proteomic;single-cell proteomics	Homo sapiens (human)	Cell culture		Orbitrap Astral	Bottom-up proteomics		161	142			1	39901769	10.1021/acs.jproteome.4c00656	Formaldehyde Fixation Helps Preserve the Proteome State during Single-Cell Proteomics Sample Processing and Analysis.	https://www.ebi.ac.uk/pride/archive/projects/PXD054445
PXD055869	sandbox_draft	sandbox/PXD055869/PXD055869.sdrf.tsv	Establishment of Salivary Tissue-Organoid Biorepository	single-cell proteomics;cellenONE	single cell proteomics;single-cell proteomic;single-cell proteomics	Homo sapiens (human)	Saliva		timsTOF SCP	Data-independent acquisition; Bottom-up proteomics		5	1	40399315	10.1038/s41536-025-00410-5	1	40399315	10.1038/s41536-025-00410-5	Establishment of salivary tissue-organoid biorepository: characterizing salivary gland stem/progenitor cells and novel differentiation marker PSMA/FOLH1.	https://www.ebi.ac.uk/pride/archive/projects/PXD055869
PXD055915	sandbox_draft	sandbox/PXD055915/PXD055915.sdrf.tsv	msSIM for single-cell proteomic analysis	single-cell proteomics	single cell proteomics;single-cell proteomic;single-cell proteomics	Homo sapiens (human)	Epithelial cell; Pancreas	Pancreatic cancer	Q Exactive HF	Data-dependent acquisition	Spectrum counting	277	238	40904101	10.1002/pmic.70037	1	40904101	10.1002/pmic.70037	SLB-msSIM: A Spectral Library-Based Multiplex Segmented SIM Platform for Single-Cell Proteomic Analysis.	https://www.ebi.ac.uk/pride/archive/projects/PXD055915
PXD056327	sandbox_draft	sandbox/PXD056327/PXD056327.sdrf.tsv	Formaldehyde fixation helps preserve the proteome state during single-cell proteomics sample processing and analysis	single-cell proteomics;cellenONE;ProteoCHIP	single cell proteomics;single-cell proteomic;single-cell proteomics	Homo sapiens (human)	Cell culture; Hela cell		Orbitrap Astral	Data-independent acquisition; Bottom-up proteomics; Data-dependent acquisition	Label free; TMT	143	138	39901769	10.1021/acs.jproteome.4c00656	1	39901769	10.1021/acs.jproteome.4c00656	Formaldehyde Fixation Helps Preserve the Proteome State during Single-Cell Proteomics Sample Processing and Analysis.	https://www.ebi.ac.uk/pride/archive/projects/PXD056327
PXD057118	sandbox_draft	sandbox/PXD057118/PXD057118.sdrf.tsv	Deciphering functional tumor-immune crosstalk through highly multiplexed imaging and deep visual proteomics	deep visual proteomics	Deep Visual Proteomics	Homo sapiens (human)	Colon; Tonsil	Colon cancer; Tonsil cancer	timsTOF SCP; Orbitrap Astral	Bottom-up proteomics	label-free quantification; Dimethyl Labeling	18	1			1	40536875	10.1016/j.xpro.2025.103901	Protocol for spatial proteomic profiling of tonsil cancer microenvironments using multiplexed imaging-powered deep visual proteomics.	https://www.ebi.ac.uk/pride/archive/projects/PXD057118
PXD057685	sandbox_draft	sandbox/PXD057685/PXD057685.sdrf.tsv	Electrophoresis-Correlative Framing of Ion Mobility Deepens Single-Cell Mass Spectrometry Proteomics	single-cell proteome;single-cell mass spectrometry	single cell mass spectrometry;single cell proteome;single cell proteomics;single-cell mass spectrometry;single-cell proteome;single-cell proteomic;single-cell proteomics	Homo sapiens (human); Xenopus laevis (african clawed frog)	Cell culture		timsTOF	Bottom-up proteomics; Data-dependent acquisition		9	2	39674510	10.1016/j.mcpro.2024.100892	1	39674510	10.1016/j.mcpro.2024.100892	Electrophoresis-Correlative Ion Mobility Deepens Single-Cell Proteomics in Capillary Electrophoresis Mass Spectrometry.	https://www.ebi.ac.uk/pride/archive/projects/PXD057685
PXD058457	sandbox_draft	sandbox/PXD058457/PXD058457.sdrf.tsv	High throughput single-cell proteomics of in-vivo cells	single-cell proteomics;cellenONE	single cell proteomics;single-cell proteomic;single-cell proteomics	Homo sapiens (human); Mus musculus (mouse)	Macrophage; Cell culture; Lung	Colon cancer	timsTOF SCP	Data-independent acquisition; Bottom-up proteomics		21	1		10.1016/J.MCPRO.2025.101018	1	40544993	10.1016/j.mcpro.2025.101018	High-Throughput Single-Cell Proteomics of In Vivo Cells.	https://www.ebi.ac.uk/pride/archive/projects/PXD058457
PXD058753	sandbox_draft	sandbox/PXD058753/PXD058753.sdrf.tsv	Global analysis of protein turnover dynamics in single cells	single-cell proteomics	single cell proteomics;single-cell proteomic;single-cell proteomics	Homo sapiens (human)	Cell culture; Fibroblast		Orbitrap Astral	Data-independent acquisition; Bottom-up proteomics	SILAC	385	384			0				https://www.ebi.ac.uk/pride/archive/projects/PXD058753
PXD059079	sandbox_draft	sandbox/PXD059079/PXD059079.sdrf.tsv	Single-Cell Proteomic and Transcriptomic Characterization of Drug-Resistant Prostate Cancer Cells Reveals Molecular Signatures Associated with Morphological Changes	single-cell proteomics	single cell proteomics;single-cell proteomic;single-cell proteomics	Homo sapiens (human)	Epithelial cell of prostate	Prostate adenocarcinoma	Orbitrap Ascend; timsTOF HT	Bottom-up proteomics	label-free quantification; Data-independent acquisition	13	6		10.1016/J.MCPRO.2025.100949	1	40090465	10.1016/j.mcpro.2025.100949	Single-Cell Proteomic Characterization of Drug-Resistant Prostate Cancer Cells Reveals Molecular Signatures Associated with Morphological Changes.	https://www.ebi.ac.uk/pride/archive/projects/PXD059079
PXD059683	sandbox_draft	sandbox/PXD059683/PXD059683.sdrf.tsv	SpLICE: A reference database enabling in depth proteome and PTM analysis of mouse immune cells	single-cell proteomics;single-cell proteome	single cell proteome;single-cell proteome;single-cell proteomic	Mus musculus (mouse)	T cell; Macrophage; Dendritic cell; B cell; Cell culture		Q Exactive HF	Bottom-up proteomics; Data-dependent acquisition	Label free	73	60			1	40210874	10.1038/s41597-025-04829-9	A reference database enabling in-depth proteome and PTM analysis of mouse immune cells.	https://www.ebi.ac.uk/pride/archive/projects/PXD059683
PXD061065	sandbox_draft	sandbox/PXD061065/PXD061065.sdrf.tsv	Single cell proteomics of human brain neutrophils from glioblastoma patients	single-cell proteomics;single-cell proteome;cellenONE	single cell proteome;single cell proteomics;single-cell proteome;single-cell proteomic;single-cell proteomics	Homo sapiens (human)	Neutrophil; Brain	Glioblastoma	Orbitrap Astral	Data-independent acquisition	Relative quantification	351	342			1	41397978	10.1038/s41467-025-67367-3	Single cell proteomic analysis defines discrete neutrophil functional states in human glioblastoma.	https://www.ebi.ac.uk/pride/archive/projects/PXD061065
PXD061710	sandbox_draft	sandbox/PXD061710/PXD061710.sdrf.tsv	Overcoming preservation challenges to enable single-cell proteomics of fixed cell and tissue samples with retained proteome integrity	single-cell proteomics;single-cell proteome;cellenONE;ProteoCHIP	single cell proteome;single cell proteomics;single-cell proteome;single-cell proteomic;single-cell proteomics	Homo sapiens (human); Mus musculus (mouse)	Epithelial cell; Pancreas; Cell culture	Cancer	timsTOF SCP	Data-independent acquisition; Bottom-up proteomics	label-free quantification	22	1			0				https://www.ebi.ac.uk/pride/archive/projects/PXD061710
PXD062231	sandbox_draft	sandbox/PXD062231/PXD062231.sdrf.tsv	Single-cell spatial proteomics maps human liver zonation patterns and their vulnerability to disruption in tissue architecture	single-cell proteomics;deep visual proteomics	Deep Visual Proteomics;single cell proteomics;single-cell proteomic;single-cell proteomics	Homo sapiens (human)	Liver; Hepatocyte	Liver disease; Disease free	Orbitrap Astral	Data-independent acquisition; Bottom-up proteomics	label-free quantification	812	792			1	41721135	10.1038/s42255-026-01459-2	Single-cell spatial proteomics maps human liver zonation patterns and their vulnerability to disruption in tissue architecture.	https://www.ebi.ac.uk/pride/archive/projects/PXD062231
PXD062702	sandbox_draft	sandbox/PXD062702/PXD062702.sdrf.tsv	Live Electrophoresis-Correlative AI Democratizes Single-cell Mass Spectrometry Proteomics	single-cell proteomics;single-cell proteome;single-cell mass spectrometry	single cell mass spectrometry;single cell proteome;single cell proteomics;single-cell mass spectrometry;single-cell proteome;single-cell proteomic;single-cell proteomics	Homo sapiens (human); Xenopus laevis (african clawed frog)	Embryo; Early embryonic cell		Orbitrap Fusion Lumos; Q Exactive	Bottom-up proteomics	Relative quantification	52	43		10.1002/ANIE.202510692	0				https://www.ebi.ac.uk/pride/archive/projects/PXD062702
PXD063539	sandbox_draft	sandbox/PXD063539/PXD063539.sdrf.tsv	Spatial Proteomic Profiling Reveals Increased Levels of Cholesterol Synthesis Proteins in Psoriasis Vulgaris	deep visual proteomics	Deep Visual Proteomics	Homo sapiens (human)	Epithelial cell; Neutrophil; Keratinocyte; B cell; Dendritic cell; Fibroblast; Melanocyte; Leukocyte; Skin; Macrophage; T cell; Monocyte; Erythrocyte	Psoriasis	timsTOF SCP	Data-independent acquisition; Bottom-up proteomics; Data-dependent acquisition; diaPASEF	Relative quantification	15	1		10.1016/J.JID.2025.05.002	0				https://www.ebi.ac.uk/pride/archive/projects/PXD063539
PXD063590	sandbox_draft	sandbox/PXD063590/PXD063590.sdrf.tsv	Single cell proteomic analysis of human prefrontal cortex in Alzheimer's Disease	single-cell proteomics;nPOP;cellenONE	single cell proteomics;single-cell proteomic;single-cell proteomics	Homo sapiens (human)	Brain		Orbitrap Exploris 480	Bottom-up proteomics	TMT	92	89			0				https://www.ebi.ac.uk/pride/archive/projects/PXD063590
PXD064049	sandbox_draft	sandbox/PXD064049/PXD064049.sdrf.tsv	Extrachromosomal DNA-driven oncogene dosage heterogeneity promotes rapid adaptation to therapy in MYCN-amplified cancers	deep visual proteomics	Deep Visual Proteomics	Homo sapiens (human)	Malignant cell; Neuroblastoma cell line	Neuroblastoma	timsTOF SCP	Data-independent acquisition; Bottom-up proteomics	label-free quantification; Data-independent acquisition	5	1			1	40773595	10.1158/2159-8290.cd-24-1738	Extrachromosomal DNA-Driven Oncogene Dosage Heterogeneity Promotes Rapid Adaptation to Therapy in MYCN-Amplified Cancers.	https://www.ebi.ac.uk/pride/archive/projects/PXD064049
PXD064499	sandbox_draft	sandbox/PXD064499/PXD064499.sdrf.tsv	Pro-regenerative fingerprints identified in a sub-population of adult mouse cardiomyocytes by integrative single-cell proteomics-Pilot dataset	single-cell proteomics	single cell proteomics;single-cell proteomic;single-cell proteomics	Mus musculus (mouse)	Cardiac muscle cell; Heart		Orbitrap Eclipse	Data-dependent acquisition	TMT	36	24		10.6019/PXD064499	0				https://www.ebi.ac.uk/pride/archive/projects/PXD064499
PXD064501	sandbox_draft	sandbox/PXD064501/PXD064501.sdrf.tsv	Pro-regenerative fingerprints identified in a sub-population of adult mouse cardiomyocytes by integrative single-cell proteomics_FACS	single-cell proteomics;single-cell proteome	single cell proteome;single cell proteomics;single-cell proteome;single-cell proteomic;single-cell proteomics	Mus musculus (mouse)	Cardiac muscle cell; Heart		Orbitrap Eclipse	Data-dependent acquisition	TMT	42	28		10.6019/PXD064501	0				https://www.ebi.ac.uk/pride/archive/projects/PXD064501
PXD064518	sandbox_draft	sandbox/PXD064518/PXD064518.sdrf.tsv	Pro-regenerative fingerprints identified in a sub-population of adult mouse cardiomyocytes by integrative single-cell proteomics-Analytical dataset	single-cell proteomics;single-cell proteome	single cell proteome;single cell proteomics;single-cell proteome;single-cell proteomic;single-cell proteomics	Mus musculus (mouse)	Cardiac muscle cell; Heart		Orbitrap Eclipse	Data-dependent acquisition	TMT	243	162		10.6019/PXD064518	0				https://www.ebi.ac.uk/pride/archive/projects/PXD064518
PXD064564	sandbox_draft	sandbox/PXD064564/PXD064564.sdrf.tsv	Challenging the Astral mass analyzer  up to 5300 proteins per single-cell at unseen quantitative accuracy to study cellular heterogeneity.	single-cell proteomics;cellenONE	single cell proteomics;single-cell proteomic;single-cell proteomics	Homo sapiens (human)	Epithelial cell	Lung cancer	Orbitrap Astral	Data-independent acquisition; Bottom-up proteomics	label-free quantification	186	30	39820751	10.1038/s41592-024-02559-1	0				https://www.ebi.ac.uk/pride/archive/projects/PXD064564
PXD066993	sandbox_draft	sandbox/PXD066993/PXD066993.sdrf.tsv	Spatial omics of acute myocardial infarction reveals a novel mode of immune cell infiltration	deep visual proteomics	Deep Visual Proteomics	Mus musculus (mouse)	Myeloid cell; Endocardial cell; Cardiac muscle myoblast; Endothelial cell; Fibroblast of cardiac tissue; Heart	Myocardial infarction	timsTOF SCP	Data-independent acquisition; Bottom-up proteomics	Relative quantification	5	1			1	41044418	10.1038/s44161-025-00717-y	Spatial multiomics of acute myocardial infarction reveals immune cell infiltration through the endocardium.	https://www.ebi.ac.uk/pride/archive/projects/PXD066993
PXD067019	sandbox_draft	sandbox/PXD067019/PXD067019.sdrf.tsv	Fine-Tuning of Label-Free Single-Cell Proteomics Workflows	single-cell proteomics	single cell proteomics;single-cell proteomic;single-cell proteomics	Homo sapiens (human)	Permanent cell line cell; Cell culture	Cervix carcinoma	timsTOF Ultra 2	Bottom-up proteomics	Relative quantification	406	1			0				https://www.ebi.ac.uk/pride/archive/projects/PXD067019
PXD067623	sandbox_draft	sandbox/PXD067623/PXD067623.sdrf.tsv	Impact of intermittent lead exposure on hominid brain evolution	single-cell proteomics	single cell proteomics;single-cell proteomic;single-cell proteomics	Homo sapiens (human)	Brain		Orbitrap Astral	Bottom-up proteomics		227	226	41091888	10.1126/sciadv.adr1524	1	41091888	10.1126/sciadv.adr1524	Impact of intermittent lead exposure on hominid brain evolution.	https://www.ebi.ac.uk/pride/archive/projects/PXD067623
PXD069039	sandbox_draft	sandbox/PXD069039/PXD069039.sdrf.tsv	Multiplexed quantitation of post-translational modified peptides in single cells using triggered MS/MS combined with super heavy tandem mass tags	single-cell proteomics	single cell proteomics;single-cell proteomic;single-cell proteomics	Homo sapiens (human)			Q Exactive	Bottom-up proteomics	TMT	48	39	41348131	10.1007/s00425-025-04891-y	2	41632302	10.1007/s00425-026-04941-z	Correction: With or without a Ca&lt;sup&gt;2+&lt;/sup&gt; signal?: a proteomics approach toward Ca&lt;sup&gt;2+&lt;/sup&gt;dependent and independent changes in response to oxidative stress in Arabidopsis thaliana.	https://www.ebi.ac.uk/pride/archive/projects/PXD069039
PXD069335	sandbox_draft	sandbox/PXD069335/PXD069335.sdrf.tsv	Low-resolution FAIMS for increased peptide coverage in low-load and single-cell proteomics	single-cell proteomics	single cell proteomics;single-cell proteomic;single-cell proteomics	Homo sapiens (human)	Epithelial cell	Lung carcinoma	Orbitrap Astral	Data-independent acquisition; Bottom-up proteomics		158	125		10.1038/S41598-026-45228-3	0				https://www.ebi.ac.uk/pride/archive/projects/PXD069335
PXD069842	sandbox_draft	sandbox/PXD069842/PXD069842.sdrf.tsv	Colonic spatial single-cell proteomics and murine models link mitochondrial dysfunction to dimeric IgA-secreting plasma cell deficiency in Crohn's disease	single-cell proteomics	single cell proteomics;single-cell proteomic;single-cell proteomics	Homo sapiens (human)	Blood plasma		timsTOF HT	Data-independent acquisition	Relative quantification	43	1	41680132	10.1038/s41467-026-69069-w	1	41680132	10.1038/s41467-026-69069-w	Colonic spatial single-cell proteomics and murine models link mitochondrial dysfunction to dimeric IgA-secreting plasma cell deficiency in Crohn's disease.	https://www.ebi.ac.uk/pride/archive/projects/PXD069842
PXD069898	sandbox_draft	sandbox/PXD069898/PXD069898.sdrf.tsv	Spectral Cruncher: A Visualization Tool Integrating Manual Curation, Ion-Intensity Prediction, and De Novo Tag Generation	single-cell proteomics;cellenONE	single cell proteomics;single-cell proteomic;single-cell proteomics	Homo sapiens (human); Mus musculus (mouse)			Orbitrap Astral	Data-dependent acquisition		21	14	41459773	10.1021/jasms.5c00301	1	41459773	10.1021/jasms.5c00301	Spectral Cruncher: A Visualization Tool Integrating Manual Curation, Ion-Intensity Prediction, and De Novo Tag Generation.	https://www.ebi.ac.uk/pride/archive/projects/PXD069898
PXD070049	sandbox_draft	sandbox/PXD070049/PXD070049.sdrf.tsv	LFQ Benchmark Dataset - Generation Beta: Assessing Modern Proteomics Instruments and Acquisition Workflows with High-Throughput LC Gradients	single-cell proteomics	single cell proteomics;single-cell proteomic;single-cell proteomics	Saccharomyces cerevisiae (baker's yeast); Escherichia coli; Homo sapiens (human)			timsTOF Ultra 2; ZenoTOF 7600+; Orbitrap Astral; ZenoTOF 8600; timsTOF Ultra	SWATH MS; All-ion fragmentation; Data-independent acquisition; Bottom-up proteomics; Data-dependent acquisition; diaPASEF	Relative quantification	2174	1049		10.64898/2026.01.29.702266	1			Carafe2 enables high quality in silico spectral library generation for timsTOF data-independent acquisition proteomics	https://www.ebi.ac.uk/pride/archive/projects/PXD070049
PXD070495	sandbox_draft	sandbox/PXD070495/PXD070495.sdrf.tsv	Deep visual proteomics uncovers nociceptor diversity and pain targets	deep visual proteomics	Deep Visual Proteomics	Mus musculus (mouse)	Pain receptor cell; Mechanoreceptor cell; Neuron; Electrically active cell		timsTOF SCP; timsTOF Ultra	Bottom-up proteomics	label-free quantification	11	3		10.1038/S41467-026-71418-8	2	41965357	10.1038/s41467-026-71418-8	Deep visual proteomics uncovers nociceptor diversity and pain targets.	https://www.ebi.ac.uk/pride/archive/projects/PXD070495
PXD071075	sandbox_draft	sandbox/PXD071075/PXD071075.sdrf.tsv	Single-cell proteomic landscape of the developing human brain	single-cell proteomics;single-cell proteome	single cell proteome;single-cell proteome;single-cell proteomic	Homo sapiens (human)	Brain		Orbitrap Eclipse	Data-independent acquisition; Bottom-up proteomics		2313	2310			0				https://www.ebi.ac.uk/pride/archive/projects/PXD071075
PXD071205	sandbox_draft	sandbox/PXD071205/PXD071205.sdrf.tsv	LFQ Benchmark Dataset - Generation Beta: Assessing Modern Proteomics Instruments and Acquisition Workflows with High-Throughput LC Gradients - Optimized Astral dataset	single-cell proteomics	single cell proteomics;single-cell proteomic;single-cell proteomics	Saccharomyces cerevisiae (baker's yeast); Escherichia coli; Homo sapiens (human)			Orbitrap Astral	All-ion fragmentation; Data-independent acquisition; Bottom-up proteomics		86	83			0				https://www.ebi.ac.uk/pride/archive/projects/PXD071205
PXD072559	sandbox_draft	sandbox/PXD072559/PXD072559.sdrf.tsv	AI-powered Deep Visual Proteomics unmasks critical molecular transitions in pancreatic cancer precursors	deep visual proteomics	Deep Visual Proteomics	Homo sapiens (human)	Panin cell; Epithelium of pancreatic duct; Malignant cell; Pancreatic duct; Pancreatic ductal adenocarcinoma cell	Pancreatic ductal adenocarcinoma	Orbitrap Astral	Bottom-up proteomics	label-free quantification	5	1			0				https://www.ebi.ac.uk/pride/archive/projects/PXD072559
PXD073018	sandbox_draft	sandbox/PXD073018/PXD073018.sdrf.tsv	Treatment of human oocytes with extracellular vesicles from follicular fluid during rescue in vitro maturation enhances maturation rates and modulates oocyte proteome and ultrastructure	single-cell proteomics	single-cell proteomic	Homo sapiens (human)	Follicular fluid; Oocyte; Oocyte		Orbitrap Fusion Lumos; timsTOF Pro	Bottom-up proteomics; Data-dependent acquisition; diaPASEF	Relative quantification	35	21	41924634	10.1093/hropen/hoag021	1	41924634	10.1093/hropen/hoag021	Treatment of human oocytes with extracellular vesicles from follicular fluid during rescue &lt;i&gt;in vitro&lt;/i&gt; maturation enhances maturation rates and modulates oocyte proteome and ultrastructure.	https://www.ebi.ac.uk/pride/archive/projects/PXD073018
PXD073405	sandbox_draft	sandbox/PXD073405/PXD073405.sdrf.tsv	Multiplexed quantitation of post-translational modified peptides in single cells using triggered MS/MS combined with super heavy tandem mass tags	single-cell proteomics	single cell proteomics;single-cell proteomic;single-cell proteomics	Homo sapiens (human)			Orbitrap Exploris 480	SRM/MRM; Bottom-up proteomics	TMT	57	46	41591392	10.1021/acs.jproteome.5c00972	0				https://www.ebi.ac.uk/pride/archive/projects/PXD073405
